表名,表注释,字段名,数据类型,是否可空,键类型,字段注释
dm_device,设备信息表,ID,varchar,NO,PRI,业务ID
dm_device,设备信息表,PROVINCE_CODE,varchar,YES,,省编码
dm_device,设备信息表,BUREAU_CODE,varchar,NO,MUL,局编码
dm_device,设备信息表,DEVICE_CODE,varchar,YES,UNI,编码
dm_device,设备信息表,DEVICE_NAME,varchar,NO,,设备名称
dm_device,设备信息表,CLASSIFY_ID,varchar,NO,MUL,设备类别ID
dm_device,设备信息表,PLANT_TRANSFER_DATE,datetime,YES,MUL,投运日期
dm_device,设备信息表,ASSET_STATE,int,YES,,资产状态：1、运行，2、在建，3、报废，4、待投运，5、闲置，6、删除，7、退运，8、备用，9、停运，10待备用
dm_device,设备信息表,VENDOR_ID,varchar,YES,,供应商ID
dm_device,设备信息表,VENDOR,varchar,YES,,供应商
dm_device,设备信息表,MANUFACTURER_ID,varchar,YES,,厂家ID
dm_device,设备信息表,MANUFACTURER,varchar,YES,,厂家名称
dm_device,设备信息表,LATEST_MANUFACTURER,varchar,YES,,厂家现用名
dm_device,设备信息表,DEVICE_MODEL_ID,varchar,YES,,设备型号ID
dm_device,设备信息表,DEVICE_MODEL,varchar,YES,MUL,型号
dm_device,设备信息表,LEAVE_FACTORY_NO,varchar,YES,,出厂编号
dm_device,设备信息表,LEAVE_FACTORY_DATE,datetime,YES,,出厂日期
dm_device,设备信息表,USE_LIFE,int,YES,,使用寿命（年）
dm_device,设备信息表,PROPRIETOR_COMPANY_OID,varchar,YES,,产权单位ID
dm_device,设备信息表,PROPRIETOR_COMPANY_ONAME,varchar,YES,,产权单位名称
dm_device,设备信息表,CAPITAL_ASSETS_CODE,varchar,YES,,资产编码
dm_device,设备信息表,MEASUREMENT_UNIT,varchar,YES,,计量单位
dm_device,设备信息表,VINDICATOR_UNIT_OID,varchar,YES,,维护单位ID
dm_device,设备信息表,VINDICATOR_UNIT_ONAME,varchar,YES,,维护单位名称
dm_device,设备信息表,DISPATCH_LEVEL,int,YES,,调管单位（1：总调、2：中调、3：地调、4：县（区）调、5：无、6：配调）
dm_device,设备信息表,IS_CAPITAL_ASSETS,int,YES,,是否资产级设备，1-是；2否
dm_device,设备信息表,AMOUNT,int,YES,,数量
dm_device,设备信息表,WARRANTY_PERIOD,varchar,YES,,原厂保修期（月）
dm_device,设备信息表,LICENSE_PLATE_NUMBER,varchar,YES,,车牌号码
dm_device,设备信息表,RUNNING_CODE,varchar,YES,,运行编号
dm_device,设备信息表,RUNMANAGE_OID,varchar,YES,,设备运维部门ID
dm_device,设备信息表,VINDICATE_OID,varchar,YES,,运维（保管）班组ID
dm_device,设备信息表,BASE_VOLTAGE_ID,varchar,YES,,电压等级ID
dm_device,设备信息表,DATA_SOURCE,varchar,YES,,"用来标识数据来自哪个系统MIS,GIS"
dm_device,设备信息表,IS_SHARE_DEVICE,int,YES,,是否共享设备：1-是;2-否
dm_device,设备信息表,IS_ASSAMBLY,int,YES,,是否为组件（1：是；2：否）
dm_device,设备信息表,IS_LABEL,int,YES,,是否贴标（1：是；2：否）
dm_device,设备信息表,RETIRE_DATE,datetime,YES,,退役日期
dm_device,设备信息表,IS_VIRTUAL_DEVICE,int,YES,,是否是虚拟设备：1-是;2-否
dm_device,设备信息表,ASSET_DEVICE_ID,varchar,YES,,所属资产设备ID，如果资产级设备，此字段为空
dm_device,设备信息表,UPDATE_TIME,datetime,YES,,数据更新时间
dm_device_test,设备信息表,ID,varchar,NO,PRI,业务ID
dm_device_test,设备信息表,PROVINCE_CODE,varchar,YES,,省编码
dm_device_test,设备信息表,BUREAU_CODE,varchar,NO,MUL,局编码
dm_device_test,设备信息表,DEVICE_CODE,varchar,YES,UNI,编码
dm_device_test,设备信息表,DEVICE_NAME,varchar,NO,,设备名称
dm_device_test,设备信息表,CLASSIFY_ID,varchar,NO,MUL,设备类别ID
dm_device_test,设备信息表,PLANT_TRANSFER_DATE,datetime,YES,MUL,投运日期
dm_device_test,设备信息表,ASSET_STATE,int,YES,,资产状态：1、运行，2、在建，3、报废，4、待投运，5、闲置，6、删除，7、退运，8、备用，9、停运，10待备用
dm_device_test,设备信息表,VENDOR_ID,varchar,YES,,供应商ID
dm_device_test,设备信息表,VENDOR,varchar,YES,,供应商
dm_device_test,设备信息表,MANUFACTURER_ID,varchar,YES,,厂家ID
dm_device_test,设备信息表,MANUFACTURER,varchar,YES,,厂家名称
dm_device_test,设备信息表,LATEST_MANUFACTURER,varchar,YES,,厂家现用名
dm_device_test,设备信息表,DEVICE_MODEL_ID,varchar,YES,,设备型号ID
dm_device_test,设备信息表,DEVICE_MODEL,varchar,YES,MUL,型号
dm_device_test,设备信息表,LEAVE_FACTORY_NO,varchar,YES,,出厂编号
dm_device_test,设备信息表,LEAVE_FACTORY_DATE,datetime,YES,,出厂日期
dm_device_test,设备信息表,USE_LIFE,int,YES,,使用寿命（年）
dm_device_test,设备信息表,PROPRIETOR_COMPANY_OID,varchar,YES,,产权单位ID
dm_device_test,设备信息表,PROPRIETOR_COMPANY_ONAME,varchar,YES,,产权单位名称
dm_device_test,设备信息表,CAPITAL_ASSETS_CODE,varchar,YES,,资产编码
dm_device_test,设备信息表,MEASUREMENT_UNIT,varchar,YES,,计量单位
dm_device_test,设备信息表,VINDICATOR_UNIT_OID,varchar,YES,,维护单位ID
dm_device_test,设备信息表,VINDICATOR_UNIT_ONAME,varchar,YES,,维护单位名称
dm_device_test,设备信息表,DISPATCH_LEVEL,int,YES,,调管单位（1：总调、2：中调、3：地调、4：县（区）调、5：无、6：配调）
dm_device_test,设备信息表,IS_CAPITAL_ASSETS,int,YES,,是否资产级设备，1-是；2否
dm_device_test,设备信息表,AMOUNT,int,YES,,数量
dm_device_test,设备信息表,WARRANTY_PERIOD,varchar,YES,,原厂保修期（月）
dm_device_test,设备信息表,LICENSE_PLATE_NUMBER,varchar,YES,,车牌号码
dm_device_test,设备信息表,RUNNING_CODE,varchar,YES,,运行编号
dm_device_test,设备信息表,RUNMANAGE_OID,varchar,YES,,设备运维部门ID
dm_device_test,设备信息表,VINDICATE_OID,varchar,YES,,运维（保管）班组ID
dm_device_test,设备信息表,BASE_VOLTAGE_ID,varchar,YES,,电压等级ID
dm_device_test,设备信息表,DATA_SOURCE,varchar,YES,,"用来标识数据来自哪个系统MIS,GIS"
dm_device_test,设备信息表,IS_SHARE_DEVICE,int,YES,,是否共享设备：1-是;2-否
dm_device_test,设备信息表,IS_ASSAMBLY,int,YES,,是否为组件（1：是；2：否）
dm_device_test,设备信息表,IS_LABEL,int,YES,,是否贴标（1：是；2：否）
dm_device_test,设备信息表,RETIRE_DATE,datetime,YES,,退役日期
dm_device_test,设备信息表,IS_VIRTUAL_DEVICE,int,YES,,是否是虚拟设备：1-是;2-否
dm_device_test,设备信息表,ASSET_DEVICE_ID,varchar,YES,,所属资产设备ID，如果资产级设备，此字段为空
dm_device_test,设备信息表,UPDATE_TIME,datetime,YES,,数据更新时间
organization,组织信息表，组织基本信息表,ORG_ID,varchar,NO,PRI,组织ID
organization,组织信息表，组织基本信息表,ORG_NAME,varchar,YES,,组织名称
organization,组织信息表，组织基本信息表,ORG_CODE,varchar,YES,,组织编码
organization,组织信息表，组织基本信息表,ORG_TYPE,int,YES,,组织类型，来自配置项
organization,组织信息表，组织基本信息表,ORG_STRUCTURE_ID,varchar,YES,,组织结构，来自配置项
organization,组织信息表，组织基本信息表,PARENT_ORG_ID,varchar,YES,,父组织ID
organization,组织信息表，组织基本信息表,NAME_FULL_PATH,varchar,YES,,组织全路径
organization,组织信息表，组织基本信息表,ORG_LEVEL,int,YES,,组织节点级别
organization,组织信息表，组织基本信息表,STATE,int,YES,,状态 1已启用；2已注销
organization,组织信息表，组织基本信息表,ORG_PROPERTY,int,YES,,组织性质 1行政组织；2虚拟组织
organization,组织信息表，组织基本信息表,SHORT_SPELL,varchar,YES,,简拼
organization,组织信息表，组织基本信息表,FULL_SPELL,varchar,YES,,全拼
organization,组织信息表，组织基本信息表,SORT_NO,int,YES,,排列序号
organization,组织信息表，组织基本信息表,NOTE,varchar,YES,,描述
organization,组织信息表，组织基本信息表,BASE_ORG_CODE,varchar,YES,,基准组织编码
organization,组织信息表，组织基本信息表,CREATOR_ID,varchar,YES,,创建者ID
organization,组织信息表，组织基本信息表,MODIFIER_ID,varchar,YES,,更新者ID
organization,组织信息表，组织基本信息表,CREATE_TIME,datetime,YES,,创建时间
organization,组织信息表，组织基本信息表,UPDATE_TIME,datetime,YES,,更新时间
pmc_project,投资项目表_超高压,id,varchar,NO,PRI,项目标识
pmc_project,投资项目表_超高压,project_amount_notax,decimal,YES,,项目不含税总投资(元)
pmc_project,投资项目表_超高压,project_status,varchar,YES,,项目状态（30：已启动前期实施/已生成投资项目，35：已生成正式项目，40：已完成可研批复（投资项目储备库），45：申请退回规划中，50：投资计划审批中，52：申请紧急立项中，54：业扩预立项中，56：业扩已预立项，58：业扩立项中，60：已立项，70：项目申报中，80：任务书签订完成，90：项目启动，100：初设（施设）完成，110：实施方案完成，105：建设准备，120：已开工(实施中)，130：计划任务书下达，140：到货验收完成，150：中期检查完成，160：初验完成，170：已验收，173：竣工验收完成，175：总体验收完成，180：项目自评价完成，190：项目综合绩效评价完成，200：项目自验收完成，210：项目验收完成，220：部分投产，230：已投产，240：投运，250：已暂估转固，260：已结算，265：决算中，270：已决算，280：已转固，285：已取消，290：销号，295：申请中止中，300：已中止，305：申请终止中，310：已终止，331：关闭）
pmc_project,投资项目表_超高压,plan_code,varchar,YES,,前期项目编码
pmc_project,投资项目表_超高压,project_name,longtext,YES,,项目名称
pmc_project,投资项目表_超高压,project_charger_id,varchar,YES,,项目负责人ID
pmc_project,投资项目表_超高压,build_addr_city,varchar,YES,,建设地址市编码
pmc_project,投资项目表_超高压,final_accounts_plan_amount,decimal,YES,,决算金额
pmc_project,投资项目表_超高压,build_addr_province,varchar,YES,,建设地址省编码
pmc_project,投资项目表_超高压,pre_send_date,datetime,YES,,预下达时间
pmc_project,投资项目表_超高压,exigence_proj_type,varchar,YES,,应急项目类型（10：A类-生产性应急项目 20：B类-生产性一般应急项目 3：C类-非生产性应急项目）
pmc_project,投资项目表_超高压,project_amount_tax,decimal,YES,,项目含税总投资(元)
pmc_project,投资项目表_超高压,settle_dept,text,YES,,结算单位名称
pmc_project,投资项目表_超高压,final_accounts_date,datetime,YES,,决算时间
pmc_project,投资项目表_超高压,project_complete_date,datetime,YES,,计划投产时间
pmc_project,投资项目表_超高压,cons_dept_id,varchar,YES,,建设单位标识
pmc_project,投资项目表_超高压,audit_finish_date,datetime,YES,,可研审批完成时间
pmc_project,投资项目表_超高压,bureau_code,varchar,YES,,局编码
pmc_project,投资项目表_超高压,plan_project_id,varchar,YES,,前期项目id
pmc_project,投资项目表_超高压,ps_project_id,varchar,YES,,基建单项工程id
pmc_project,投资项目表_超高压,voltage_grade,varchar,YES,,电压等级(80：1000KV；70：正负800KV；60：正负500KV；50：220KV；40：110KV；30：35KV；20：20KV；10：10KV及以下；5：其他)
pmc_project,投资项目表_超高压,reply_year,varchar,YES,,立项年度
pmc_project,投资项目表_超高压,creator_id,varchar,YES,,创建人ID
pmc_project,投资项目表_超高压,dm_marked,varchar,YES,,主/配网（1主网，2配网）
pmc_project,投资项目表_超高压,apply_dept,varchar,YES,,申请部门
pmc_project,投资项目表_超高压,project_cost_notax,decimal,YES,,项目不含税成本性(元)
pmc_project,投资项目表_超高压,cons_dept,longtext,YES,,建设单位
pmc_project,投资项目表_超高压,final_accounts_plan_id,varchar,YES,,决算ID
pmc_project,投资项目表_超高压,project_cost_tax,decimal,YES,,项目含税成本性(元)
pmc_project,投资项目表_超高压,is_virtual_pro,varchar,YES,,是否虚拟项目：1是，2否
pmc_project,投资项目表_超高压,data_from,varchar,YES,,数据来源
pmc_project,投资项目表_超高压,project_urgent_degree,varchar,YES,,项目优选类别
pmc_project,投资项目表_超高压,update_time,datetime,YES,,修改时间
pmc_project,投资项目表_超高压,turn_solid_plan_amount,decimal,YES,,正式转固金额
pmc_project,投资项目表_超高压,provisional_plan_date,datetime,YES,,暂估增资时间
pmc_project,投资项目表_超高压,owners_id_ps,varchar,YES,,业主项目部主键
pmc_project,投资项目表_超高压,creator,varchar,YES,,创建人
pmc_project,投资项目表_超高压,ipms_project_id,varchar,YES,,投资计划系统下达的项目ID
pmc_project,投资项目表_超高压,project_capital_notax,decimal,YES,,项目不含税资本性(元)
pmc_project,投资项目表_超高压,first_year_invest,decimal,YES,,年度计划投资(元)
pmc_project,投资项目表_超高压,turn_solid_plan_odd,varchar,YES,,正式转固单号
pmc_project,投资项目表_超高压,apply_dept_code,text,YES,,申请部门编码
pmc_project,投资项目表_超高压,end_time,datetime,YES,,结束时间
pmc_project,投资项目表_超高压,reply_year_date,datetime,YES,,投资下达年份
pmc_project,投资项目表_超高压,cw_id,varchar,YES,,财务唯一字段
pmc_project,投资项目表_超高压,release_status,varchar,YES,,下达状态（辅助其他系统获取）
pmc_project,投资项目表_超高压,imprest,decimal,YES,,备用金(元)
pmc_project,投资项目表_超高压,project_charger,varchar,YES,,项目负责人
pmc_project,投资项目表_超高压,modifier_id,varchar,YES,,修改人ID
pmc_project,投资项目表_超高压,apply_dept_id,varchar,YES,,申请部门标识
pmc_project,投资项目表_超高压,prj_status,varchar,YES,,项目阶段：规划-1、前期-2、投资-3、投产-4
pmc_project,投资项目表_超高压,final_accounts_plan_date,datetime,YES,,决算计划时间
pmc_project,投资项目表_超高压,exigence_proj,varchar,YES,,是否紧急项目（1：年度项目 2：紧急项目）
pmc_project,投资项目表_超高压,project_amount,decimal,YES,,项目总投资(元)
pmc_project,投资项目表_超高压,is_prepare_dist,varchar,YES,,是否预下达（1-是 2-否）（全部条线）
pmc_project,投资项目表_超高压,modifier,varchar,YES,,修改人
pmc_project,投资项目表_超高压,approval_level,varchar,YES,,决策层级(1-地市，2-分省，3-网公司)
pmc_project,投资项目表_超高压,construct_time,datetime,YES,,竣工验收时间
pmc_project,投资项目表_超高压,imprest_source,varchar,YES,,"备用金来源(3-省公司紧急项目预备费,2-地市局紧急项目预备费)"
pmc_project,投资项目表_超高压,province_code,varchar,YES,,分子公司编码
pmc_project,投资项目表_超高压,provisional_plan_odd,varchar,YES,,暂估转固单号
pmc_project,投资项目表_超高压,business_segments,varchar,YES,,板块类型(1：管制业务，2：新兴业务，3：金融业务，4：国际业务，5：共享服务平台业务，6：股权投资)
pmc_project,投资项目表_超高压,project_capital_tax,decimal,YES,,项目含税资本性(元)
pmc_project,投资项目表_超高压,cons_dept_code,longtext,YES,,建设单位编码
pmc_project,投资项目表_超高压,import_performan_project,varchar,YES,,重点履约项目（1网2省3地）
pmc_project,投资项目表_超高压,delete_flag,varchar,YES,,删除标识：1正常；2已删除
pmc_project,投资项目表_超高压,build_type,varchar,YES,,"建设性质(1-新建,2续建)"
pmc_project,投资项目表_超高压,exe_dept_code,varchar,YES,,实施部门编码
pmc_project,投资项目表_超高压,settlement_date,datetime,YES,,结算时间
pmc_project,投资项目表_超高压,create_time,datetime,YES,,创建时间
pmc_project,投资项目表_超高压,turn_solid_plan_date,datetime,YES,,正式增资时间
pmc_project,投资项目表_超高压,project_code,varchar,YES,,项目编码
pmc_project,投资项目表_超高压,build_addr_other,longtext,YES,,建设地址其他
pmc_project,投资项目表_超高压,subjoin_plan_year,varchar,YES,,计划年度
pmc_project,投资项目表_超高压,data_flag,varchar,YES,,标识字段
pmc_project,投资项目表_超高压,total_year_invest,decimal,YES,,计划安排投资-小计
pmc_project,投资项目表_超高压,settle_dept_code,longtext,YES,,结算单位编码
pmc_project,投资项目表_超高压,turn_solid_date,datetime,YES,,转固计划时间
pmc_project,投资项目表_超高压,provisional_plan_amount,decimal,YES,,暂估转固金额
pmc_project,投资项目表_超高压,settle_dept_id,varchar,YES,,结算单位标识
pmc_project,投资项目表_超高压,exe_dept_id,varchar,YES,,实施部门ID
pmc_project,投资项目表_超高压,epms_project_id,varchar,YES,,工程系统项目流水号
pmc_project,投资项目表_超高压,project_stream_date,datetime,YES,,投产时间
pmc_project,投资项目表_超高压,project_amount_cost,decimal,YES,,项目成本性(元)
pmc_project,投资项目表_超高压,settlement_plan_date,datetime,YES,,结算计划时间
pmc_project,投资项目表_超高压,optimistic_lock_version,varchar,YES,,乐观锁版本
pmc_project,投资项目表_超高压,project_purpose,varchar,YES,,"项目目的(18-粤港澳大湾区200kVA以下延伸到低压,19-保底电网,20-架空线改电缆、线路迁改,21-不在上述范围，但为满足三大指标项目,22-其它,1-解决安全隐患,2-智能电网（含配电自动化）,3-配电网通信,4-低电压治理,5-提高抗灾能力和保供电,6-残旧线路设备改造,7-计量自动化、智能电表等,8-低压集抄,9-解决高压变电站、线路重过载问题,10-解决中低压线路设备重过载问题,11-异地扶贫搬迁、产业扶贫配套电网投资,12-其他满足负荷增长投资,13-高铁、电铁、城轨等大用户接入,14-光伏扶贫电源配套送出,15-可再生能源送出,16-其他可再生能源送出,17-投资界面延伸到红线)"
pmc_project,投资项目表_超高压,exe_dept,longtext,YES,,实施部门
pmc_project,投资项目表_超高压,fund_source,varchar,YES,,"资金来源(1-省（子）公司投资,2-省（子）公司所属子公司自筹,9-用户出资,1-子公司投资(自筹),2-子公司投资(县级子公司投资),9-专项建设基金,1-分子公司投资,2-自筹资金,3-网公司投资,1-网公司投资,2-分子公司投资,9-专项建设基金,9-专项建设基金,1-分子公司投资,2-自筹资金,3-网公司投资,1-省级公司投资,2-子公司自筹,9-专项建设基金,1-省级公司投资,2-子公司自筹,9-专项建设基金,5-网公司投资,8-其他,1-分子公司投资,2-自筹资金,3-网公司投资,5-网公司投资,2-自筹,8-其他,5-网公司投资,2-自筹,8-其他,1-省级公司投资,2-子公司自筹,9-专项建设基金,1-省级公司投资,2-子公司自筹,9-专项建设基金,5-网公司投资,2-自筹,8-其他,21-中央投资农网,22-中央投资无电,23-中央投资其他,24-网公司投资,07-其他,20-中央投资城网,26-子公司投资,25-省公司投资,1-省（子）公司投资,2-省（子）公司所属子公司自筹,1-省级公司投资,2-子公司自筹,9-专项建设基金,1-省级公司投资,2-子公司自筹,1-省级公司投资,2-子公司自筹,9-专项建设基金,1-省级公司投资,2-子公司自筹,1-子公司投资(自筹),2-子公司投资(县级子公司投资),9-专项建设基金,2-子公司投资（自筹资金）,5-网公司投资（自筹资金）,1-省级公司投资（自筹资金）,3-国拨经费,9-专项建设基金(自筹资金),1-国拨经费网公司投资（自筹资金）,2-省公司投资（自筹资金）,3-子公司投资（自筹资金）,4-专项建设基金（自筹资金）,3-网公司投资(自筹资金),1-省公司投资(自筹资金),2-子公司投资(自筹资金),9-专项建设基金(自筹资金),1-分子公司投资,2-自筹资金,3-网公司投资)"
pmc_project,投资项目表_超高压,project_type_number,varchar,YES,,所属专业条线1：主网基建；2：配网基建；3：信息化项目；4：项目营销中间层；5：修理项目；6：科技项目/创新项目7：营销修理项目/营销费用；8：股权投资项目；9：试验检验项目；10：委托运行维护；11：电源项目；12：其他材料购置项目；13：新兴产业项目；14：生产技改项目；15：小型基建项目；16：迁改项目；17：营销技改项目；18：其他技改项目；19：其他修理；20：其他项目；
pmc_project,投资项目表_超高压,reply_date,datetime,YES,,回复日期
pmc_project,投资项目表_超高压,before_year_invest,decimal,YES,,计划安排投资-截至上年底累计
pmc_project,投资项目表_超高压,sub_dept,longtext,YES,,区局单位名称
pmc_project,投资项目表_超高压,provisional_date,datetime,YES,,暂估计划时间
pmc_project,投资项目表_超高压,project_amount_capital,decimal,YES,,项目资本性(元)
pmc_project,投资项目表_超高压,sub_dept_code,varchar,YES,,区局单位编码
pmc_project,投资项目表_超高压,begin_time,datetime,YES,,开始时间
pmc_project,投资项目表_超高压,sub_dept_id,varchar,YES,,区局单位
pmc_project,投资项目表_超高压,build_addr_area,longtext,YES,,建设地址区域编码
pmc_project,投资项目表_超高压,is_use_imprest,varchar,YES,,是否使用备用金(1.是 2.否)
sp_mp_cycle_rule,管理计划周期规则表,id,varchar,NO,PRI,主键ID
sp_mp_cycle_rule,管理计划周期规则表,create_time,datetime,YES,,创建时间
sp_mp_cycle_rule,管理计划周期规则表,updator_name,varchar,YES,,更新人名称
sp_mp_cycle_rule,管理计划周期规则表,bureau_code,varchar,YES,,局编码
sp_mp_cycle_rule,管理计划周期规则表,cycle_type,varchar,YES,,周期类型(1. 年、2. 月、3. 周、4. 日)
sp_mp_cycle_rule,管理计划周期规则表,province_code,varchar,YES,,省编码
sp_mp_cycle_rule,管理计划周期规则表,updator_id,varchar,YES,,更新人ID
sp_mp_cycle_rule,管理计划周期规则表,data_from,varchar,YES,,数据来源
sp_mp_cycle_rule,管理计划周期规则表,cycle_end_time,datetime,YES,,循环结束时间
sp_mp_cycle_rule,管理计划周期规则表,update_time,datetime,YES,,数据更新时间
sp_mp_cycle_rule,管理计划周期规则表,optimistic_lock_version,varchar,YES,,乐观锁版本
sp_mp_cycle_rule,管理计划周期规则表,cycle_num,varchar,YES,,周期长度(如每隔多少年、月、周、日生成计划， 每年、月、周、日设置0即可)
sp_mp_cycle_rule,管理计划周期规则表,creator_id,varchar,YES,,创建人ID
sp_mp_cycle_rule,管理计划周期规则表,cycle_start_time,datetime,YES,,循环开始时间
sp_mp_cycle_rule,管理计划周期规则表,creator_name,varchar,YES,,创建人名称
sp_mp_cycle_rule_detail,管理计划周期规则明细表,id,varchar,NO,PRI,主键ID
sp_mp_cycle_rule_detail,管理计划周期规则明细表,updator_name,varchar,YES,,更新人名称
sp_mp_cycle_rule_detail,管理计划周期规则明细表,create_time,datetime,YES,,创建时间
sp_mp_cycle_rule_detail,管理计划周期规则明细表,bureau_code,varchar,YES,,局编码
sp_mp_cycle_rule_detail,管理计划周期规则明细表,province_code,varchar,YES,,省编码
sp_mp_cycle_rule_detail,管理计划周期规则明细表,updator_id,varchar,YES,,更新人ID
sp_mp_cycle_rule_detail,管理计划周期规则明细表,data_from,varchar,YES,,数据来源
sp_mp_cycle_rule_detail,管理计划周期规则明细表,rule_id,varchar,YES,,规则主键
sp_mp_cycle_rule_detail,管理计划周期规则明细表,update_time,datetime,YES,,数据更新时间
sp_mp_cycle_rule_detail,管理计划周期规则明细表,optimistic_lock_version,varchar,YES,,乐观锁版本
sp_mp_cycle_rule_detail,管理计划周期规则明细表,work_day,varchar,YES,,工作日期，只有年周期才有工作日期
sp_mp_cycle_rule_detail,管理计划周期规则明细表,creator_id,varchar,YES,,创建人ID
sp_mp_cycle_rule_detail,管理计划周期规则明细表,cycle_rule_detail,varchar,YES,,频率明细(年周期的明细记录的是1-12；月周期的明细为1-31)；周周期的的明细为1-7
sp_mp_cycle_rule_detail,管理计划周期规则明细表,creator_name,varchar,YES,,创建人名称
sp_mp_period,管理计划周期,id,varchar,NO,PRI,主键ID
sp_mp_period,管理计划周期,dept_code,varchar,YES,,部门CODE
sp_mp_period,管理计划周期,define_basis,varchar,YES,,编制依据1-管理制度2-管理表单3-常态化检查4-部门管理要求
sp_mp_period,管理计划周期,process_ins_id,varchar,YES,,流程实例主键
sp_mp_period,管理计划周期,is_new_power,varchar,YES,,是否新电力
sp_mp_period,管理计划周期,remark,longtext,YES,,备注
sp_mp_period,管理计划周期,resp_oname,varchar,YES,,责任单位名称
sp_mp_period,管理计划周期,province_code,varchar,YES,,省编码
sp_mp_period,管理计划周期,data_from,varchar,YES,,数据来源
sp_mp_period,管理计划周期,work_day_type,varchar,YES,,工期类型1-天，2-周，3-月，4-季度，5-年
sp_mp_period,管理计划周期,update_time,datetime,YES,,数据更新时间
sp_mp_period,管理计划周期,data_belong_unit_oname,varchar,YES,,数据归口单位
sp_mp_period,管理计划周期,optimistic_lock_version,varchar,YES,,乐观锁版本
sp_mp_period,管理计划周期,loop_start_time,datetime,YES,,循环开始时间
sp_mp_period,管理计划周期,work_content,varchar,YES,,管理计划周期工作内容
sp_mp_period,管理计划周期,souce_id,varchar,YES,,来源主键 如 标准岗位周期主键
sp_mp_period,管理计划周期,work_require,longtext,YES,,任务要求
sp_mp_period,管理计划周期,businesstype_id,varchar,YES,,业务分类_主键
sp_mp_period,管理计划周期,create_time,datetime,YES,,创建时间
sp_mp_period,管理计划周期,updator_name,varchar,YES,,更新人名称
sp_mp_period,管理计划周期,bureau_code,varchar,YES,,局编码
sp_mp_period,管理计划周期,need_distribution,varchar,YES,,是否需分解
sp_mp_period,管理计划周期,dept_name,varchar,YES,,部门名称
sp_mp_period,管理计划周期,updator_id,varchar,YES,,更新人ID
sp_mp_period,管理计划周期,rule_id,varchar,YES,,规则主键
sp_mp_period,管理计划周期,flow_state,varchar,YES,,工作流状态
sp_mp_period,管理计划周期,resp_oid,varchar,YES,,责任单位主键
sp_mp_period,管理计划周期,define_basis_detail,varchar,YES,,编制依据明细
sp_mp_period,管理计划周期,work_day,varchar,YES,,工期
sp_mp_period,管理计划周期,data_belong_unit_ocode,varchar,YES,,数据归口单位编码
sp_mp_period,管理计划周期,post_responsibility,varchar,YES,,责任岗位
sp_mp_period,管理计划周期,resp_code,varchar,YES,,责任单位code
sp_mp_period,管理计划周期,org_level,varchar,YES,,层面：省公司、地市局、县局
sp_mp_period,管理计划周期,creator_id,varchar,YES,,创建人ID
sp_mp_period,管理计划周期,creator_name,varchar,YES,,创建人名称
sp_mp_period,管理计划周期,loop_end_time,datetime,YES,,循环结束时间
sp_mp_period,管理计划周期,dept_id,varchar,YES,,部门主键
sp_mp_period,管理计划周期,status,varchar,YES,,状态1-编辑，2-审核中，3-启用，4-停用
sp_pd_defect,设备缺陷表,id,varchar,NO,PRI,主键
sp_pd_defect,设备缺陷表,dept_code,varchar,YES,,部门编码
sp_pd_defect,设备缺陷表,defect_type_name,longtext,YES,,缺陷类型
sp_pd_defect,设备缺陷表,defect_type_id,varchar,YES,,缺陷类型ID
sp_pd_defect,设备缺陷表,deal_team_oid,varchar,YES,,消缺班组ID
sp_pd_defect,设备缺陷表,province_code,varchar,YES,,省编码
sp_pd_defect,设备缺陷表,bureau_name,varchar,YES,,地市局名称
sp_pd_defect,设备缺陷表,function_location_name,longtext,YES,,功能位置名称
sp_pd_defect,设备缺陷表,team_oname,varchar,YES,,班组名称
sp_pd_defect,设备缺陷表,undeal_reason,longtext,YES,,未消缺原因，消缺结果为未消缺时，需要填写未消缺原因
sp_pd_defect,设备缺陷表,state,varchar,YES,,缺陷单状态（1：待上报；2：待审批；3：待安排消缺；4：已安排消缺；5：待验收；6：已归档；7：已删除；8：缺陷记录审核；9：计划消缺；10：备品备件确认）
sp_pd_defect,设备缺陷表,report_team_code,varchar,YES,,上报班组编码
sp_pd_defect,设备缺陷表,is_relocation_project,varchar,YES,,是否迁改工程（1：否；2：是）
sp_pd_defect,设备缺陷表,report_team_oname,varchar,YES,,上报班组名称
sp_pd_defect,设备缺陷表,deal_team_code,varchar,YES,,消缺班组编码
sp_pd_defect,设备缺陷表,create_time,datetime,YES,,创建时间
sp_pd_defect,设备缺陷表,checker_uid,varchar,YES,,验收人ID，验收阶段必填
sp_pd_defect,设备缺陷表,device_id,varchar,YES,,设备ID，单选
sp_pd_defect,设备缺陷表,defect_source_type,varchar,YES,,缺陷数据来源，0：手动录入；1：缺陷降级；2：安全督察；3：生产计划；4：OMS；5：通信管控；6：慧图；7：项目遗留缺陷； 8：多维度分析；9：旧机巡；10：云南机器人；11：无人机；12：新机巡；13：四统一；14：深圳机器人；15：贵州中为机巡;16:广州OMS继保
sp_pd_defect,设备缺陷表,undeal_result,varchar,YES,,未消缺原因 1：待停电 2：待备品 3:待联系厂家 4:待结合技改 5:待结合基建 6:待联系其他专业配合
sp_pd_defect,设备缺陷表,has_retro,varchar,YES,,补登记录（1：否；2：是）
sp_pd_defect,设备缺陷表,bureau_code,varchar,YES,,局编码
sp_pd_defect,设备缺陷表,deal_result,varchar,YES,,消缺结果0:缺省;1:未消缺;2:已消缺;
sp_pd_defect,设备缺陷表,defect_position_id,varchar,YES,,缺陷部位ID
sp_pd_defect,设备缺陷表,create_uid,varchar,YES,,创建人ID，保存时默认取当前用户，不可修改
sp_pd_defect,设备缺陷表,reportor_uname,varchar,YES,,上报人名称
sp_pd_defect,设备缺陷表,province_name,varchar,YES,,省公司名称
sp_pd_defect,设备缺陷表,check_dept_oid,varchar,YES,,验收部门ID
sp_pd_defect,设备缺陷表,site_name,longtext,YES,,地点，输变电、继保、自动化缺陷时取值具体到变电站
sp_pd_defect,设备缺陷表,find_time,datetime,YES,,发现时间
sp_pd_defect,设备缺陷表,voltage_grade,varchar,YES,,"电压等级（-800000:±800kV,-500000:±500kV,400000:400kV,330000:330kV,220000:220kV,132000:132kV,110000:110kV,66000:66kV,35000:35kV,20000:20kV,10000:10kV,400:0.4kV,380:0.38kV,220:0.22kV,110:0.11kV,48:0.048kV）"
sp_pd_defect,设备缺陷表,defect_level,varchar,YES,,缺陷等级（1：紧急；2：重大；3：一般；4：其他），选择表象后自动带出，但缺陷填报人员不能修改，缺陷专责可以修改
sp_pd_defect,设备缺陷表,flow_state,varchar,YES,,工作流状态 0:未上报;1:流程中;2:流程结束3:挂起
sp_pd_defect,设备缺陷表,reportor_uid,varchar,YES,,上报人ID，上报时默认取当前用户，不可修改
sp_pd_defect,设备缺陷表,deal_man_uid,varchar,YES,,消缺人ID，消缺阶段必填
sp_pd_defect,设备缺陷表,report_time,datetime,YES,,上报时间，上报时默认取当前系统时间，不可修改
sp_pd_defect,设备缺陷表,defect_code,varchar,YES,,缺陷编码，在运行专责进行审核定级后才产生编号
sp_pd_defect,设备缺陷表,report_team_oid,varchar,YES,,上报班组ID
sp_pd_defect,设备缺陷表,site_id,varchar,YES,,地点ID
sp_pd_defect,设备缺陷表,speciality_small_type,varchar,YES,,专业小类 1:输电设备;2:主保护设备;3:其他保护设备;4:稳控装置设备;5:安自设备;6:自动化;7:通信;8:配网一次设备;9:变电一次;10:配网自动化;11:配网继保;12:配网通信;13:站用电源;14:发电;15:计量;16:运行专业;17:继电保护;18:储能系统;19:安自系统;20:机械;21:水工水情;22:消防系统;23:网络安全;24:电气一次;25:电气二次;26:自动化;27:通信
sp_pd_defect,设备缺陷表,check_time,datetime,YES,,验收时间，验收阶段必填
sp_pd_defect,设备缺陷表,ought_deal_time,datetime,YES,,缺陷应完成处理时间，消缺阶段必填
sp_pd_defect,设备缺陷表,process_ins_id,varchar,YES,,流程实例ID
sp_pd_defect,设备缺陷表,checker_uname,varchar,YES,,验收人名称
sp_pd_defect,设备缺陷表,classify_id,varchar,YES,,设备类别ID
sp_pd_defect,设备缺陷表,deal_time,datetime,YES,,消缺时间，消缺阶段必填
sp_pd_defect,设备缺陷表,speciality_big_type,varchar,YES,,专业大类 1:输电;2:自动化;3:继保;4:配网;5:变电一次;6:通信;7:安自;8:站用电源9:发电;10:计量;11:运行专业;12:设施;
sp_pd_defect,设备缺陷表,deal_man_uname,varchar,YES,,消缺人名称
sp_pd_defect,设备缺陷表,data_from,varchar,YES,,数据来源
sp_pd_defect,设备缺陷表,defect_desc,longtext,YES,,缺陷描述，填报阶段必填，选缺陷表象后自动带出，可修改
sp_pd_defect,设备缺陷表,update_time,datetime,YES,,数据更新时间
sp_pd_defect,设备缺陷表,defect_position_name,varchar,YES,,缺陷部位，消缺阶段必填，单选
sp_pd_defect,设备缺陷表,device_name,longtext,YES,,设备名称
sp_pd_defect,设备缺陷表,optimistic_lock_version,varchar,YES,,乐观锁版本
sp_pd_defect,设备缺陷表,is_project_period,varchar,YES,,是否基建工程保修期（1：否；2：是）
sp_pd_defect,设备缺陷表,satisfy_spare_parts,varchar,YES,,备品备件是否满足 1：不满足；2：满足
sp_pd_defect,设备缺陷表,function_location_id,varchar,YES,,功能位置ID
sp_pd_defect,设备缺陷表,check_dept_oname,varchar,YES,,验收部门名称
sp_pd_defect,设备缺陷表,defect_phenomenon_id,varchar,YES,,缺陷表象ID
sp_pd_defect,设备缺陷表,is_apply_project,varchar,YES,,是否需申请项目(1：否；2：是)
sp_pd_defect,设备缺陷表,classify_name,varchar,YES,,设备类别名称
sp_pd_defect,设备缺陷表,defect_phenomenon_name,longtext,YES,,缺陷表象，填报阶段必填，单选，可修改
sp_pd_defect,设备缺陷表,check_dept_code,varchar,YES,,验收部门编码
sp_pd_defect,设备缺陷表,dept_name,varchar,YES,,部门名称
sp_pd_defect,设备缺陷表,create_uname,varchar,YES,,创建人名称
sp_pd_defect,设备缺陷表,team_code,varchar,YES,,班组编码
sp_pd_defect,设备缺陷表,is_spare_parts,varchar,YES,,是否需要备品备件 1：否；2：是
sp_pd_defect,设备缺陷表,team_oid,varchar,YES,,班组ID
sp_pd_defect,设备缺陷表,dept_id,varchar,YES,,部门ID
sp_pd_defect,设备缺陷表,deal_team_oname,varchar,YES,,消缺班组名称
sp_pd_defect,设备缺陷表,find_source,varchar,YES,,缺陷发现来源-1:历史;0:缺省;1:巡视;2:监视;3:预试定检;4:检修;5:工程遗留;6:操作;7:维护;8:其它;9:机巡;10:无人机;11:地下管网12:视频巡视13:机器人
sp_pd_defect_base_info,设备缺陷信息扩展表,id,varchar,NO,PRI,主键
sp_pd_defect_base_info,设备缺陷信息扩展表,patrol_mode,varchar,YES,,巡视方式
sp_pd_defect_base_info,设备缺陷信息扩展表,legacy,longtext,YES,,遗留问题，消缺阶段必填
sp_pd_defect_base_info,设备缺陷信息扩展表,deal_measure,varchar,YES,,缺陷处理措施（1:带电修复;2:停电修复;3:带电更换;4:停电更换;5:降级;6:加强运维;7:其他），单选
sp_pd_defect_base_info,设备缺陷信息扩展表,is_need_matter,varchar,YES,,是否需申购物质 1：需要 2：不需要
sp_pd_defect_base_info,设备缺陷信息扩展表,deal_remark,longtext,YES,,备注
sp_pd_defect_base_info,设备缺陷信息扩展表,runmanage_team_oname,varchar,YES,,设备运行管理班组
sp_pd_defect_base_info,设备缺陷信息扩展表,work_shaft_name,varchar,YES,,工井名称
sp_pd_defect_base_info,设备缺陷信息扩展表,deal_desc,longtext,YES,,处理情况描述，消缺阶段必填
sp_pd_defect_base_info,设备缺陷信息扩展表,work_shaft_id,varchar,YES,,工井ID
sp_pd_defect_base_info,设备缺陷信息扩展表,province_code,varchar,YES,,省编码
sp_pd_defect_base_info,设备缺陷信息扩展表,device_run_date,datetime,YES,,设备投运日期
sp_pd_defect_base_info,设备缺陷信息扩展表,data_from,varchar,YES,,数据来源
sp_pd_defect_base_info,设备缺陷信息扩展表,all_dispatch_level,varchar,YES,,调管单位：取值为总调、中调、地调、县调
sp_pd_defect_base_info,设备缺陷信息扩展表,update_time,datetime,YES,,数据更新时间
sp_pd_defect_base_info,设备缺陷信息扩展表,model_name,varchar,YES,,设备型号名称
sp_pd_defect_base_info,设备缺陷信息扩展表,town_name,varchar,YES,,供电所名称，导出使用
sp_pd_defect_base_info,设备缺陷信息扩展表,optimistic_lock_version,varchar,YES,,乐观锁版本
sp_pd_defect_base_info,设备缺陷信息扩展表,upp_flag,varchar,YES,,机巡关联状态 ：1，已关联；
sp_pd_defect_base_info,设备缺陷信息扩展表,runmanage_team_oid,varchar,YES,,设备运行管理班组ID
sp_pd_defect_base_info,设备缺陷信息扩展表,lock_state,varchar,YES,,修改数据 锁的状态 0：表示未锁定；1：表示锁定
sp_pd_defect_base_info,设备缺陷信息扩展表,create_time,datetime,YES,,创建时间（填报时间），保存时默认取当前系统时间，不可修改
sp_pd_defect_base_info,设备缺陷信息扩展表,device_release_date,datetime,YES,,设备出厂日期
sp_pd_defect_base_info,设备缺陷信息扩展表,bureau_code,varchar,YES,,局编码
sp_pd_defect_base_info,设备缺陷信息扩展表,aircraft_type,varchar,YES,,机巡类型 1：多旋翼无人机；2：固定翼无人机；3：有人直升机；4：无人直升机；
sp_pd_defect_base_info,设备缺陷信息扩展表,vendor_name,longtext,YES,,设备生产厂家名称
sp_pd_defect_base_info,设备缺陷信息扩展表,tech_classify,varchar,YES,,技术分类（1.受潮;2.自然老化;3.接触不良;4.断股;5.绝缘不良;6.变形;7.出口短路;8.放电;9.过热;10.杂质;11.元器件损坏;12.密封不良;13.焊接不良;14.松动）
sp_pd_defect_base_info,设备缺陷信息扩展表,county_name,varchar,YES,,县区局名称，导出使用
sp_pd_defect_base_info,设备缺陷信息扩展表,is_repair_project,varchar,YES,,是否立抢修项目1：否；2：是
sp_pd_defect_base_info,设备缺陷信息扩展表,classify_code,varchar,YES,,设备类别编码
sp_pd_defect_base_info,设备缺陷信息扩展表,device_code,varchar,YES,,设备编码
sp_pd_defect_base_info,设备缺陷信息扩展表,is_sync_upp,varchar,YES,,是否同步机巡数据
sp_pd_defect_base_info,设备缺陷信息扩展表,defect_id,varchar,YES,,缺陷ID
sp_pd_defect_base_info,设备缺陷信息扩展表,check_notes,longtext,YES,,验收意见，验收阶段必填
sp_pd_defect_base_info,设备缺陷信息扩展表,deal_duty_dept_oid,varchar,YES,,消缺责任部门ID，消缺阶段必填
sp_pd_defect_business_re,缺陷业务关联表,id,varchar,NO,PRI,主键
sp_pd_defect_business_re,缺陷业务关联表,associated_busi_object_name,longtext,YES,,业务关联单据名称
sp_pd_defect_business_re,缺陷业务关联表,associated_busi_object_id,varchar,YES,,缺陷关联业务对象ID
sp_pd_defect_business_re,缺陷业务关联表,create_time,datetime,YES,,创建时间
sp_pd_defect_business_re,缺陷业务关联表,bureau_code,varchar,YES,,局编码
sp_pd_defect_business_re,缺陷业务关联表,defect_business_re_type,varchar,YES,,缺陷与业务模块关系类型，1：缺陷降级；2：安全督察；3：生产计划；4：OMS；5：通信管控；6：慧图；7：项目遗留缺陷；8：多维度分析；9：旧机巡；10：云南机器人；11：人机；12：新机巡；13：四统一；14：深圳机器人；15：贵州中为机巡;16:广州OMS继保
sp_pd_defect_business_re,缺陷业务关联表,prod_plan_id,varchar,YES,,维护检修计划ID
sp_pd_defect_business_re,缺陷业务关联表,province_code,varchar,YES,,省编码
sp_pd_defect_business_re,缺陷业务关联表,updator_id,varchar,YES,,更新人ID
sp_pd_defect_business_re,缺陷业务关联表,data_from,varchar,YES,,数据来源
sp_pd_defect_business_re,缺陷业务关联表,update_time,datetime,YES,,更新时间
sp_pd_defect_business_re,缺陷业务关联表,prod_plan_code,varchar,YES,,维护检修计划编码：SCWH + 局编码 + 年 + 月 + 日 + 7位随机数字
sp_pd_defect_business_re,缺陷业务关联表,optimistic_lock_version,varchar,YES,,乐观锁版本
sp_pd_defect_business_re,缺陷业务关联表,creator_id,varchar,YES,,创建人ID
sp_pd_defect_business_re,缺陷业务关联表,associated_busi_object_code,varchar,YES,,业务关联单据编码
sp_pd_defect_business_re,缺陷业务关联表,defect_id,varchar,YES,,缺陷ID
sp_pd_defect_cause_rel,缺陷与缺陷原因关联表,id,varchar,NO,PRI,主键
sp_pd_defect_cause_rel,缺陷与缺陷原因关联表,defect_cause_name,longtext,YES,,标准缺陷原因
sp_pd_defect_cause_rel,缺陷与缺陷原因关联表,update_time,datetime,YES,,数据更新时间
sp_pd_defect_cause_rel,缺陷与缺陷原因关联表,create_time,datetime,YES,,创建时间
sp_pd_defect_cause_rel,缺陷与缺陷原因关联表,defect_cause_id,varchar,YES,,标准缺陷原因ID
sp_pd_defect_cause_rel,缺陷与缺陷原因关联表,optimistic_lock_version,varchar,YES,,乐观锁版本
sp_pd_defect_cause_rel,缺陷与缺陷原因关联表,bureau_code,varchar,YES,,局编码
sp_pd_defect_cause_rel,缺陷与缺陷原因关联表,defect_id,varchar,YES,,缺陷ID
sp_pd_defect_cause_rel,缺陷与缺陷原因关联表,province_code,varchar,YES,,省编码
sp_pd_defect_cause_rel,缺陷与缺陷原因关联表,data_from,varchar,YES,,数据来源
sp_pd_defect_find_team,缺陷与发现班组关联表,id,varchar,NO,PRI,主键
sp_pd_defect_find_team,缺陷与发现班组关联表,update_time,datetime,YES,,数据更新时间
sp_pd_defect_find_team,缺陷与发现班组关联表,find_team_id,varchar,YES,,发现班组ID
sp_pd_defect_find_team,缺陷与发现班组关联表,full_name,longtext,YES,,发现班组全路径
sp_pd_defect_find_team,缺陷与发现班组关联表,create_time,datetime,YES,,创建时间
sp_pd_defect_find_team,缺陷与发现班组关联表,optimistic_lock_version,varchar,YES,,乐观锁版本
sp_pd_defect_find_team,缺陷与发现班组关联表,bureau_code,varchar,YES,,局编码
sp_pd_defect_find_team,缺陷与发现班组关联表,defect_id,varchar,YES,,缺陷ID
sp_pd_defect_find_team,缺陷与发现班组关联表,province_code,varchar,YES,,省编码
sp_pd_defect_find_team,缺陷与发现班组关联表,find_team_name,varchar,YES,,发现班组名称
sp_pd_defect_find_team,缺陷与发现班组关联表,data_from,varchar,YES,,数据来源
sp_pd_defect_find_team,缺陷与发现班组关联表,find_team_code,varchar,YES,,发现班组编码
sp_pd_defect_find_user,缺陷与发现人关联表,id,varchar,NO,PRI,主键
sp_pd_defect_find_user,缺陷与发现人关联表,find_user_id,varchar,YES,,发现人ID
sp_pd_defect_find_user,缺陷与发现人关联表,update_time,datetime,YES,,数据更新时间
sp_pd_defect_find_user,缺陷与发现人关联表,create_time,datetime,YES,,创建时间
sp_pd_defect_find_user,缺陷与发现人关联表,optimistic_lock_version,varchar,YES,,乐观锁版本
sp_pd_defect_find_user,缺陷与发现人关联表,bureau_code,varchar,YES,,局编码
sp_pd_defect_find_user,缺陷与发现人关联表,find_user_name,varchar,YES,,发现人名称
sp_pd_defect_find_user,缺陷与发现人关联表,defect_id,varchar,YES,,缺陷ID
sp_pd_defect_find_user,缺陷与发现人关联表,province_code,varchar,YES,,省编码
sp_pd_defect_find_user,缺陷与发现人关联表,data_from,varchar,YES,,数据来源
sp_pd_defect_parts,缺陷与部件关联表,id,varchar,NO,PRI,主键
sp_pd_defect_parts,缺陷与部件关联表,update_time,datetime,YES,,数据更新时间
sp_pd_defect_parts,缺陷与部件关联表,create_time,datetime,YES,,创建时间
sp_pd_defect_parts,缺陷与部件关联表,optimistic_lock_version,varchar,YES,,乐观锁版本
sp_pd_defect_parts,缺陷与部件关联表,bureau_code,varchar,YES,,局编码
sp_pd_defect_parts,缺陷与部件关联表,defect_id,varchar,YES,,缺陷ID
sp_pd_defect_parts,缺陷与部件关联表,parts_name,varchar,YES,,部件名称
sp_pd_defect_parts,缺陷与部件关联表,parts_id,varchar,YES,,部件ID
sp_pd_defect_parts,缺陷与部件关联表,province_code,varchar,YES,,省编码
sp_pd_defect_parts,缺陷与部件关联表,data_from,varchar,YES,,数据来源
sp_pd_defect_track,跟踪记录表,id,varchar,NO,PRI,主键
sp_pd_defect_track,跟踪记录表,track_team_oname,varchar,YES,,跟踪班组名称
sp_pd_defect_track,跟踪记录表,track_time,datetime,YES,,跟踪时间
sp_pd_defect_track,跟踪记录表,create_time,datetime,YES,,创建时间
sp_pd_defect_track,跟踪记录表,track_team_code,varchar,YES,,跟踪班组编码
sp_pd_defect_track,跟踪记录表,track_decription,longtext,YES,,跟踪情况
sp_pd_defect_track,跟踪记录表,track_dept_oname,varchar,YES,,跟踪部门名称
sp_pd_defect_track,跟踪记录表,bureau_code,varchar,YES,,局编码
sp_pd_defect_track,跟踪记录表,province_code,varchar,YES,,省编码
sp_pd_defect_track,跟踪记录表,create_uid,varchar,YES,,创建人ID
sp_pd_defect_track,跟踪记录表,track_dept_oid,varchar,YES,,跟踪部门ID
sp_pd_defect_track,跟踪记录表,create_uname,varchar,YES,,创建人名称
sp_pd_defect_track,跟踪记录表,data_from,varchar,YES,,数据来源
sp_pd_defect_track,跟踪记录表,update_time,datetime,YES,,数据更新时间
sp_pd_defect_track,跟踪记录表,track_dept_code,varchar,YES,,跟踪部门编码
sp_pd_defect_track,跟踪记录表,optimistic_lock_version,varchar,YES,,乐观锁版本
sp_pd_defect_track,跟踪记录表,tracker_uid,varchar,YES,,跟踪人ID
sp_pd_defect_track,跟踪记录表,tracker_uname,varchar,YES,,跟踪人名称
sp_pd_defect_track,跟踪记录表,defect_id,varchar,YES,,缺陷ID
sp_pd_defect_track,跟踪记录表,track_team_oid,varchar,YES,,跟踪班组ID
sp_pd_dp_impact_section,防灾管理-影响区段信息（输电）,id,varchar,NO,PRI,主键
sp_pd_dp_impact_section,防灾管理-影响区段信息（输电）,belong_team_ocode,varchar,YES,,所属班组CODE
sp_pd_dp_impact_section,防灾管理-影响区段信息（输电）,horizontal_distance,decimal,YES,,电缆对隐患点的水平距离
sp_pd_dp_impact_section,防灾管理-影响区段信息（输电）,section_state,varchar,YES,,区段状态(1.待发送 2.待确认 3.待取消 4.已取消 5.现存区段)
sp_pd_dp_impact_section,防灾管理-影响区段信息（输电）,mark_state,varchar,YES,,标记状态(1、新增标记2、删除标记3、其他)
sp_pd_dp_impact_section,防灾管理-影响区段信息（输电）,running_oid,varchar,YES,,运维单位ID
sp_pd_dp_impact_section,防灾管理-影响区段信息（输电）,running_oname,varchar,YES,,运维单位名称
sp_pd_dp_impact_section,防灾管理-影响区段信息（输电）,bureau_oname,varchar,YES,,所属地市局名称
sp_pd_dp_impact_section,防灾管理-影响区段信息（输电）,line_owner_uid,varchar,YES,,线路责任人ID
sp_pd_dp_impact_section,防灾管理-影响区段信息（输电）,province_code,varchar,YES,,省编码
sp_pd_dp_impact_section,防灾管理-影响区段信息（输电）,line_id,varchar,YES,,线路ID
sp_pd_dp_impact_section,防灾管理-影响区段信息（输电）,data_from,varchar,YES,,数据来源
sp_pd_dp_impact_section,防灾管理-影响区段信息（输电）,growing_period,varchar,YES,,速生期情况（1.未达自然生长高度 2.已达自然生长高度 3.非速生期）
sp_pd_dp_impact_section,防灾管理-影响区段信息（输电）,is_install_monitor,varchar,YES,,是否安装视频监控（1.是 2.否）
sp_pd_dp_impact_section,防灾管理-影响区段信息（输电）,section_scope,decimal,YES,,区段公里数（km）
sp_pd_dp_impact_section,防灾管理-影响区段信息（输电）,section_type,varchar,YES,,区段类型(1.架空 2.电缆 3.混合)
sp_pd_dp_impact_section,防灾管理-影响区段信息（输电）,update_time,datetime,YES,,数据更新时间
sp_pd_dp_impact_section,防灾管理-影响区段信息（输电）,voltage_grade_id,varchar,YES,,基准电压等级ID
sp_pd_dp_impact_section,防灾管理-影响区段信息（输电）,back_comments,varchar,YES,,回填意见
sp_pd_dp_impact_section,防灾管理-影响区段信息（输电）,section_desc,longtext,YES,,区段描述
sp_pd_dp_impact_section,防灾管理-影响区段信息（输电）,optimistic_lock_version,varchar,YES,,乐观锁版本
sp_pd_dp_impact_section,防灾管理-影响区段信息（输电）,line_name,varchar,YES,,线路名称
sp_pd_dp_impact_section,防灾管理-影响区段信息（输电）,danger_section,longtext,YES,,隐患区段
sp_pd_dp_impact_section,防灾管理-影响区段信息（输电）,device_owner_uid,varchar,YES,,设备主人ID
sp_pd_dp_impact_section,防灾管理-影响区段信息（输电）,create_time,datetime,YES,,创建时间
sp_pd_dp_impact_section,防灾管理-影响区段信息（输电）,laying_mode,varchar,YES,,敷设方式（1直埋敷设；2排管敷设；3顶管敷设；4槽盒敷设；5电缆沟敷设；6电缆隧道敷设）
sp_pd_dp_impact_section,防灾管理-影响区段信息（输电）,bureau_oid,varchar,YES,,所属地市局ID
sp_pd_dp_impact_section,防灾管理-影响区段信息（输电）,belong_team_oname,longtext,YES,,所属班组
sp_pd_dp_impact_section,防灾管理-影响区段信息（输电）,bureau_code,varchar,YES,,局编码
sp_pd_dp_impact_section,防灾管理-影响区段信息（输电）,section_base_id,varchar,YES,,隐患基本信息ID
sp_pd_dp_impact_section,防灾管理-影响区段信息（输电）,line_owner_uname,varchar,YES,,线路责任人名称
sp_pd_dp_impact_section,防灾管理-影响区段信息（输电）,voltage_grade,varchar,YES,,电压等级（非代码类字段）
sp_pd_dp_impact_section,防灾管理-影响区段信息（输电）,buried_depth,decimal,YES,,埋深
sp_pd_dp_impact_section,防灾管理-影响区段信息（输电）,belong_special_area,varchar,YES,,所属特殊区域（1.树木速长区 2.易受外力破坏区 3.易受外力碰撞区 4.飘挂物风险区 5.易发山火区 6.强风区 7.易冲刷区 8.滑坡沉陷区 9.微气象区 10.重冰区 11.雷击频繁区 12.重污区 13.鸟害区）
sp_pd_dp_impact_section,防灾管理-影响区段信息（输电）,device_owner_uname,varchar,YES,,设备主人名称
sp_pd_dp_impact_section,防灾管理-影响区段信息（输电）,belong_team_oid,varchar,YES,,所属班组ID
sp_pd_im_asset_catalog,工器具资产目录,id,varchar,NO,PRI,主键
sp_pd_im_asset_catalog,工器具资产目录,quantity_unit,varchar,YES,,计量单位
sp_pd_im_asset_catalog,工器具资产目录,catalog_name,varchar,YES,,目录名称
sp_pd_im_asset_catalog,工器具资产目录,create_time,datetime,YES,,创建时间
sp_pd_im_asset_catalog,工器具资产目录,bureau_code,varchar,YES,,局编码
sp_pd_im_asset_catalog,工器具资产目录,province_code,varchar,YES,,省编码
sp_pd_im_asset_catalog,工器具资产目录,creator_uname,varchar,YES,,创建人
sp_pd_im_asset_catalog,工器具资产目录,daily_check_cycle,decimal,YES,,日常检查周期（月）
sp_pd_im_asset_catalog,工器具资产目录,data_from,varchar,YES,,数据来源
sp_pd_im_asset_catalog,工器具资产目录,catalog_level,varchar,YES,,目录层级（1级，2级，3级，4级）
sp_pd_im_asset_catalog,工器具资产目录,check_cycle,decimal,YES,,检验周期（月）
sp_pd_im_asset_catalog,工器具资产目录,update_time,datetime,YES,,更新时间
sp_pd_im_asset_catalog,工器具资产目录,full_name,longtext,YES,,全路径
sp_pd_im_asset_catalog,工器具资产目录,parent_id,varchar,YES,,父节点ID
sp_pd_im_asset_catalog,工器具资产目录,optimistic_lock_version,varchar,YES,,乐观锁
sp_pd_im_asset_catalog,工器具资产目录,creator_uid,varchar,YES,,创建人ID
sp_pd_im_asset_catalog,工器具资产目录,catalog_code,varchar,YES,,资产分类编码
sp_pd_im_asset_catalog,工器具资产目录,assets_equipment,varchar,YES,,资产状态标识（T 资产 F非资产 D低值易耗品 P自定义）
sp_pd_im_instrument,工器具台账(电网资源中心),id,varchar,YES,,主键
sp_pd_im_instrument,工器具台账(电网资源中心),belong_team_ocode,varchar,YES,,管理班组编码
sp_pd_im_instrument,工器具台账(电网资源中心),storage_location,varchar,YES,,存放地点
sp_pd_im_instrument,工器具台账(电网资源中心),belong_dept_ocode,varchar,YES,,所属部门编码
sp_pd_im_instrument,工器具台账(电网资源中心),instrument_state,varchar,YES,,工器具状态（1=未使用、2=使用中、3=维修中、4=送检中、5=待报废、6=已报废）
sp_pd_im_instrument,工器具台账(电网资源中心),storage_room_id,varchar,YES,,库房ID
sp_pd_im_instrument,工器具台账(电网资源中心),manage_uid,varchar,YES,,管理人ID
sp_pd_im_instrument,工器具台账(电网资源中心),instrument_type,varchar,YES,,工器具类型（1=生产手工具、2=安全工器具、3=测试设备、4=用电设备、5=特种设备、6=爬梯平台脚手架类）
sp_pd_im_instrument,工器具台账(电网资源中心),project_name,varchar,YES,,项目名称
sp_pd_im_instrument,工器具台账(电网资源中心),province_code,varchar,YES,,省编码
sp_pd_im_instrument,工器具台账(电网资源中心),instrument_source,varchar,YES,,工器具来源ID
sp_pd_im_instrument,工器具台账(电网资源中心),data_from,varchar,YES,,数据来源
sp_pd_im_instrument,工器具台账(电网资源中心),manage_uname,varchar,YES,,管理人名称
sp_pd_im_instrument,工器具台账(电网资源中心),update_time,datetime,YES,,数据更新时间
sp_pd_im_instrument,工器具台账(电网资源中心),instrument_code,varchar,YES,,工器具编码
sp_pd_im_instrument,工器具台账(电网资源中心),project_id,varchar,YES,,项目ID
sp_pd_im_instrument,工器具台账(电网资源中心),optimistic_lock_version,varchar,YES,,乐观锁版本
sp_pd_im_instrument,工器具台账(电网资源中心),instrument_source_id,varchar,YES,,工器具来源ID
sp_pd_im_instrument,工器具台账(电网资源中心),catalog_code,varchar,YES,,资产分类编码
sp_pd_im_instrument,工器具台账(电网资源中心),assets_equipment,varchar,YES,,资产状态标识（T=资产、F=非资产、D低值易耗品）
sp_pd_im_instrument,工器具台账(电网资源中心),asset_number,varchar,YES,,设备身份编号
sp_pd_im_instrument,工器具台账(电网资源中心),manufacturer_id,varchar,YES,,生产厂家ID
sp_pd_im_instrument,工器具台账(电网资源中心),create_time,datetime,YES,,创建时间
sp_pd_im_instrument,工器具台账(电网资源中心),belong_dept_oname,varchar,YES,,所属部门名称
sp_pd_im_instrument,工器具台账(电网资源中心),factory_date,datetime,YES,,出厂日期
sp_pd_im_instrument,工器具台账(电网资源中心),belong_team_oname,varchar,YES,,管理班组名称
sp_pd_im_instrument,工器具台账(电网资源中心),cycle_mode,varchar,YES,,检验周期维度（1=出厂日期、2=投运日期）
sp_pd_im_instrument,工器具台账(电网资源中心),bureau_code,varchar,YES,,局编码
sp_pd_im_instrument,工器具台账(电网资源中心),last_check_date,datetime,YES,,电气试验上次检验日期
sp_pd_im_instrument,工器具台账(电网资源中心),project_code,varchar,YES,,项目编码
sp_pd_im_instrument,工器具台账(电网资源中心),manufacturer_name,varchar,YES,,生产厂家名称
sp_pd_im_instrument,工器具台账(电网资源中心),belong_dept_oid,varchar,YES,,所属部门ID
sp_pd_im_instrument,工器具台账(电网资源中心),storage_room_name,varchar,YES,,库房名称
sp_pd_im_instrument,工器具台账(电网资源中心),daily_check_cycle,decimal,YES,,日常检查周期（月）
sp_pd_im_instrument,工器具台账(电网资源中心),storage_time,datetime,YES,,投运日期
sp_pd_im_instrument,工器具台账(电网资源中心),unit_name,varchar,YES,,数量单位
sp_pd_im_instrument,工器具台账(电网资源中心),voltage_grade,varchar,YES,,工器具电压等级(1=500kV、2=220kV、3=110kV、4=35kV、5=10kV、6=0.4kV、7=0.2kV)
sp_pd_im_instrument,工器具台账(电网资源中心),check_cycle,decimal,YES,,检验周期（月）
sp_pd_im_instrument,工器具台账(电网资源中心),service_life,decimal,YES,,使用年限（月）
sp_pd_im_instrument,工器具台账(电网资源中心),instrument_cost,varchar,YES,,工器具价值
sp_pd_im_instrument,工器具台账(电网资源中心),instrument_name,varchar,YES,,工器具名称
sp_pd_im_instrument,工器具台账(电网资源中心),code_value,varchar,YES,,实物ID
sp_pd_im_instrument,工器具台账(电网资源中心),belong_team_oid,varchar,YES,,管理班组ID
sp_pd_im_instrument,工器具台账(电网资源中心),instrument_classify,varchar,YES,,工器具类
sp_pd_im_instrument,工器具台账(电网资源中心),factory_number,varchar,YES,,出厂编号
sp_pd_im_instrument,工器具台账(电网资源中心),remarks,longtext,YES,,备注
sp_pd_oticket,操作票表,id,varchar,NO,PRI,主键ID
sp_pd_oticket,操作票表,ticket_state,varchar,YES,,状态（1=未审核；2=已初审；3=已生成；4=已归档；5=未执行；6=已作废；）
sp_pd_oticket,操作票表,power_grid_flag,varchar,YES,,主配网标识（1=主网；2=配网；）
sp_pd_oticket,操作票表,step_count,varchar,YES,,操作步骤数（条）
sp_pd_oticket,操作票表,archive_time,datetime,YES,,归档时间
sp_pd_oticket,操作票表,first_audit_uname,varchar,YES,,初审人名称
sp_pd_oticket,操作票表,province_code,varchar,YES,,省编码
sp_pd_oticket,操作票表,oticket_source,varchar,YES,,操作票来源（1=无源新增；2=手写补录；3=维护检修；4=调度令；5=故障抢修）
sp_pd_oticket,操作票表,bureau_name,varchar,YES,,地市局名称
sp_pd_oticket,操作票表,function_location_name,varchar,YES,,地点名称（功能位置名称）
sp_pd_oticket,操作票表,watch_uname,varchar,YES,,值班负责人名称
sp_pd_oticket,操作票表,take_order_time,datetime,YES,,受令时间
sp_pd_oticket,操作票表,operation_end_time,datetime,YES,,操作结束时间
sp_pd_oticket,操作票表,main_step_count,varchar,YES,,操作主步骤数（条）
sp_pd_oticket,操作票表,issue_order_uname,varchar,YES,,发令人名称
sp_pd_oticket,操作票表,create_time,datetime,YES,,创建时间
sp_pd_oticket,操作票表,create_oid,varchar,YES,,创建单位ID
sp_pd_oticket,操作票表,bureau_code,varchar,YES,,局编码
sp_pd_oticket,操作票表,take_order_uid,varchar,YES,,受令人ID
sp_pd_oticket,操作票表,oticket_type,varchar,YES,,操作票类型（1=根据调度令进行操作；2=根据本单位任务进行的操作；）
sp_pd_oticket,操作票表,watch_uid,varchar,YES,,值班负责人ID
sp_pd_oticket,操作票表,create_uid,varchar,YES,,创建人UID
sp_pd_oticket,操作票表,issue_order_uid,varchar,YES,,发令人ID
sp_pd_oticket,操作票表,province_name,varchar,YES,,省公司名称
sp_pd_oticket,操作票表,flow_state,varchar,YES,,工作流的状态（0=未上报；1=流程中；2=流程结束；）
sp_pd_oticket,操作票表,second_audit_uname,varchar,YES,,复审人名称
sp_pd_oticket,操作票表,operation_start_time,datetime,YES,,操作开始时间
sp_pd_oticket,操作票表,report_time,datetime,YES,,汇报时间
sp_pd_oticket,操作票表,is_lock,varchar,YES,,是否锁标识（1-是；2-否；）
sp_pd_oticket,操作票表,guardian_unames,varchar,YES,,监护人名称
sp_pd_oticket,操作票表,oticket_source_reason,longtext,YES,,手工开票原因
sp_pd_oticket,操作票表,operator_unames,varchar,YES,,操作人名称
sp_pd_oticket,操作票表,serial_no_start,varchar,YES,,起始票号
sp_pd_oticket,操作票表,process_ins_id,varchar,YES,,主要用于记录流程实例的ID
sp_pd_oticket,操作票表,check_opinion,longtext,YES,,审计意见
sp_pd_oticket,操作票表,receive_report_uid,varchar,YES,,接收汇报人ID
sp_pd_oticket,操作票表,report_uname,varchar,YES,,汇报人名称
sp_pd_oticket,操作票表,back_flag,varchar,YES,,审核不通过标识（1=审核不通过；）
sp_pd_oticket,操作票表,remark,longtext,YES,,备注
sp_pd_oticket,操作票表,create_oname,varchar,YES,,创建单位名称
sp_pd_oticket,操作票表,operation_task,longtext,YES,,操作任务
sp_pd_oticket,操作票表,serial_no_end,varchar,YES,,结束票号
sp_pd_oticket,操作票表,data_from,varchar,YES,,数据来源
sp_pd_oticket,操作票表,whether_nomative,varchar,YES,,规范标识(1=不规范 2=规范)
sp_pd_oticket,操作票表,update_time,datetime,YES,,数据更新时间
sp_pd_oticket,操作票表,take_order_uname,varchar,YES,,受令人名称
sp_pd_oticket,操作票表,generate_date,datetime,YES,,开票日期(生成日期)
sp_pd_oticket,操作票表,optimistic_lock_version,varchar,YES,,乐观锁版本
sp_pd_oticket,操作票表,entry_uname,varchar,YES,,上报人名称
sp_pd_oticket,操作票表,issue_order_dept,varchar,YES,,发令单位（总调=TOTAL_DISPATCH；中调=CENTER_DISPATCH；地调=LAND_DISPATCH；县调=COUNTY_DISPATCH；配调=DIS_DISPATCH；自调=SELF_DISPATCH；监控班=MONITOR_CLASS）
sp_pd_oticket,操作票表,receive_report_uname,varchar,YES,,接收汇报人名称
sp_pd_oticket,操作票表,function_location_id,varchar,YES,,地点（功能位置ID）
sp_pd_oticket,操作票表,whether_qualified,varchar,YES,,合格标识(1=不合格 2=合格)
sp_pd_oticket,操作票表,report_uid,varchar,YES,,汇报人ID
sp_pd_oticket,操作票表,create_uname,varchar,YES,,创建人名称
sp_pd_oticket,操作票表,create_ocode,varchar,YES,,创建单位编码
sp_pd_oticket,操作票表,entry_uid,varchar,YES,,上报人ID
sp_pd_oticket,操作票表,first_audit_uid,varchar,YES,,初审人ID
sp_pd_oticket,操作票表,qualified_state,varchar,YES,,合格率状态（1=已上报；）
sp_pd_oticket,操作票表,second_audit_date,datetime,YES,,复审日期
sp_pd_oticket,操作票表,first_audit_date,datetime,YES,,初审日期
sp_pd_oticket,操作票表,agree_to_execute,varchar,YES,,同意执行标识（1=是；2=否）
sp_pd_oticket,操作票表,resource_id,varchar,YES,,票的资源信息
sp_pd_oticket,操作票表,second_audit_uid,varchar,YES,,复审人ID
sp_pd_oticket_business_re,操作票与外部关系关联表超高压,id,varchar,NO,PRI,主键ID
sp_pd_oticket_business_re,操作票与外部关系关联表超高压,update_time,datetime,YES,,数据更新时间
sp_pd_oticket_business_re,操作票与外部关系关联表超高压,create_time,datetime,YES,,创建时间
sp_pd_oticket_business_re,操作票与外部关系关联表超高压,oticket_id,varchar,YES,,操作票ID
sp_pd_oticket_business_re,操作票与外部关系关联表超高压,optimistic_lock_version,varchar,YES,,乐观锁版本
sp_pd_oticket_business_re,操作票与外部关系关联表超高压,power_grid_flag,varchar,YES,,主配网标识(1-主网 2-配网)
sp_pd_oticket_business_re,操作票与外部关系关联表超高压,business_type,varchar,YES,,业务类型，枚举：1:无源新增；2：手写补录；3：维护检修；4：调度令；5：故障抢修；6：综合停电
sp_pd_oticket_business_re,操作票与外部关系关联表超高压,bureau_code,varchar,YES,,局编码
sp_pd_oticket_business_re,操作票与外部关系关联表超高压,business_code,varchar,YES,,业务标识，对应的业务单号，如计划单号、停电单号等
sp_pd_oticket_business_re,操作票与外部关系关联表超高压,province_code,varchar,YES,,省编码
sp_pd_oticket_business_re,操作票与外部关系关联表超高压,business_id,varchar,YES,,业务ID，根据业务类型决定存储的是何种业务的ID
sp_pd_oticket_business_re,操作票与外部关系关联表超高压,data_from,varchar,YES,,数据来源
sp_pd_pp_outage_info,生产计划停电超高压,id,varchar,NO,PRI,主键
sp_pd_pp_outage_info,生产计划停电超高压,update_time,datetime,YES,,更新时间
sp_pd_pp_outage_info,生产计划停电超高压,create_time,datetime,YES,,创建时间
sp_pd_pp_outage_info,生产计划停电超高压,apply_dept_oid,varchar,YES,,申请单位ID
sp_pd_pp_outage_info,生产计划停电超高压,optimistic_lock_version,varchar,YES,,乐观锁版本
sp_pd_pp_outage_info,生产计划停电超高压,repair_type,varchar,YES,,检修类别(1:计划检修 2:临时检修 3:紧急检修 4:事故抢修 5:调度安排)
sp_pd_pp_outage_info,生产计划停电超高压,bureau_code,varchar,YES,,局编码
sp_pd_pp_outage_info,生产计划停电超高压,prod_plan_id,varchar,YES,,生产计划ID
sp_pd_pp_outage_info,生产计划停电超高压,apply_dept_oname,varchar,YES,,申请单位名称
sp_pd_pp_outage_info,生产计划停电超高压,province_code,varchar,YES,,省编码
sp_pd_pp_outage_info,生产计划停电超高压,system_require,longtext,YES,,对系统需求
sp_pd_pp_outage_info,生产计划停电超高压,data_from,varchar,YES,,数据来源
sp_pd_pp_plan,生产计划主表,id,varchar,NO,PRI,生产计划ID
sp_pd_pp_plan,生产计划主表,patrol_mode,varchar,YES,,巡视方式(0:常规人巡、2:机巡【多旋翼】、5:机巡【固定翼、直升机】、4:机器人巡视)
sp_pd_pp_plan,生产计划主表,affirm_uid,varchar,YES,,确认人ID
sp_pd_pp_plan,生产计划主表,power_grid_flag,varchar,YES,,电网类型(1:主网 2:配网)
sp_pd_pp_plan,生产计划主表,execute_download_state,varchar,YES,,执行环节下载状态(1:未下载 2:已下载 3:已上传)
sp_pd_pp_plan,生产计划主表,implement_mode,varchar,YES,,实施方式(0:无 1:自主开展 2:外委实施)
sp_pd_pp_plan,生产计划主表,plan_code,varchar,YES,,计划编码
sp_pd_pp_plan,生产计划主表,province_code,varchar,YES,,省编码
sp_pd_pp_plan,生产计划主表,is_need_week_refine,varchar,YES,,是否需要周计划细化(1:是 2:否)
sp_pd_pp_plan,生产计划主表,work_small_type,varchar,YES,,工作类别细类(1:全检 2:部检 3:新投产 6:首检 4:补充检验 5:保护升级后补充检验 7:状态检验 101:日常巡视 102:特殊巡视 103:夜间巡视 104:监察性巡视 105:专业巡视 106:故障巡视 11:A修 12:B1修 13:B2修 14:设备定期轮换试验)
sp_pd_pp_plan,生产计划主表,real_begin_time,datetime,YES,,实际开始时间
sp_pd_pp_plan,生产计划主表,voltage_grade_id,varchar,YES,,电压等级id
sp_pd_pp_plan,生产计划主表,plan_begin_week,varchar,YES,,计划开始时间所在星期(1:周一 2:周二 3:周三 4:周四 5:周五 6:周六 7:周日)
sp_pd_pp_plan,生产计划主表,plan_nature,varchar,YES,,计划性质(1:生产类 2:非生产类)
sp_pd_pp_plan,生产计划主表,creator_uid,varchar,YES,,创建人UID
sp_pd_pp_plan,生产计划主表,plan_state,varchar,YES,,计划状态(10:新增 20:审批中 30:待发布 40:已发布(未派工) 50:执行中 60:待确认 70:已完成 80:变更中 90:已取消 100:待月度发布)
sp_pd_pp_plan,生产计划主表,is_need_audit_temp_task,varchar,YES,,是否需审批的临时任务(0:无1:是2:否)
sp_pd_pp_plan,生产计划主表,create_time,datetime,YES,,创建时间
sp_pd_pp_plan,生产计划主表,speciality_big,varchar,YES,,专业大类(1:变电 2:输电 3:配电 4:发电 5:调度 6:其他)
sp_pd_pp_plan,生产计划主表,work_type,varchar,YES,,工作类型(1:预试 2:定检 3:巡视 4:检修 5:维护 6:消缺 7:操作 8:验收 9:安装、更换作业 10:测量 11:带电 12:工器具试验 13:配合(生产) 14:其他(生产) 15:反措 101:班务管理 102:技术培训 103:作业管理 104:图纸资料管理 105:安全活动 106:工器具管理 107:绩效管理 108:配合(非生产) 109:其它(非生产))
sp_pd_pp_plan,生产计划主表,bureau_code,varchar,YES,,局编码
sp_pd_pp_plan,生产计划主表,work_team_oname,varchar,YES,,工作班组名称
sp_pd_pp_plan,生产计划主表,affirm_time,datetime,YES,,确认时间
sp_pd_pp_plan,生产计划主表,updator_id,varchar,YES,,更新人ID
sp_pd_pp_plan,生产计划主表,start_work_time,datetime,YES,,开工时间
sp_pd_pp_plan,生产计划主表,monitor_opinion,varchar,YES,,班长评价(优 良 中 差)
sp_pd_pp_plan,生产计划主表,is_bequeath_question,varchar,YES,,是否遗留问题(1:是 2:否)
sp_pd_pp_plan,生产计划主表,flow_state,varchar,YES,,工作流状态
sp_pd_pp_plan,生产计划主表,work_team_oid,varchar,YES,,工作班组ID
sp_pd_pp_plan,生产计划主表,plan_end_time,datetime,YES,,计划结束时间
sp_pd_pp_plan,生产计划主表,special_work_item,varchar,YES,,其他工作项(1:反措任务 2:专项工作)
sp_pd_pp_plan,生产计划主表,plan_type,varchar,YES,,计划类型(1:年计划 2:月计划 3:周计划)
sp_pd_pp_plan,生产计划主表,bequeath_question,varchar,YES,,遗留问题描述
sp_pd_pp_plan,生产计划主表,process_ins_id,varchar,YES,,流程实例ID
sp_pd_pp_plan,生产计划主表,patrol_classify,varchar,YES,,巡视分类(1:变电 2:输电 3:配电)
sp_pd_pp_plan,生产计划主表,patrol_object_select_type,varchar,YES,,巡视对象选择类型(1:路线全巡 2:路线部分巡 3:设备台账)
sp_pd_pp_plan,生产计划主表,plan_begin_time,datetime,YES,,计划开始时间
sp_pd_pp_plan,生产计划主表,data_from,varchar,YES,,数据来源
sp_pd_pp_plan,生产计划主表,work_team_ocode,varchar,YES,,工作班组CODE
sp_pd_pp_plan,生产计划主表,creator_id,varchar,YES,,创建人ID
sp_pd_pp_plan,生产计划主表,speciality,varchar,YES,,专业(1:高压专业 2:化学专业 3:继保专业 4:自动化专业 5:通信专业 6:直流专业 7:电测专业 8:安自专业 9:热工仪表专业 10:变电运行 11:输电线路 12:输电电缆 13:带电专业 14:检修专业 15:配电专业 16:计量专业 17:站用电源)
sp_pd_pp_plan,生产计划主表,plan_source_type,varchar,YES,,计划来源类型
sp_pd_pp_plan,生产计划主表,update_time,datetime,YES,,数据更新时间
sp_pd_pp_plan,生产计划主表,optimistic_lock_version,varchar,YES,,乐观锁版本
sp_pd_pp_plan,生产计划主表,working,varchar,YES,,工作方式(1:停电 2:不停电)
sp_pd_pp_plan,生产计划主表,plan_expire_date,datetime,YES,,计划到期日期
sp_pd_pp_plan,生产计划主表,work_site_names,longtext,YES,,工作地点名称集合
sp_pd_pp_plan,生产计划主表,is_deal_defect,varchar,YES,,是否已消缺(1:是 2:否)
sp_pd_pp_plan,生产计划主表,plan_res_date,datetime,YES,,计划发布日期
sp_pd_pp_plan,生产计划主表,real_end_time,datetime,YES,,实际结束时间
sp_pd_pp_plan,生产计划主表,work_dept_oid,varchar,YES,,工作部门ID
sp_pd_pp_plan,生产计划主表,creator_uname,varchar,YES,,创建人名称
sp_pd_pp_plan,生产计划主表,work_member_unames,varchar,YES,,工作成员名称集合
sp_pd_pp_plan,生产计划主表,plan_task_domain,varchar,YES,,作业域(1.生产域 2.基建域 3.营销域)
sp_pd_pp_plan,生产计划主表,risk_level,varchar,YES,,风险等级(1:特高 2:高 3:中 4:低 5:可接受)
sp_pd_pp_plan,生产计划主表,not_apply_outage,varchar,YES,,无须报停电(1:是)
sp_pd_pp_plan,生产计划主表,plan_task_type,varchar,YES,,计划性质（1:计划性 2:临时性）
sp_pd_pp_plan,生产计划主表,job_content,longtext,YES,,工作内容
sp_pd_pp_plan,生产计划主表,affirm_uname,varchar,YES,,确认人名称
sp_pd_pp_plan,生产计划主表,work_day,varchar,YES,,工期(天)
sp_pd_pp_plan,生产计划主表,work_master_uname,varchar,YES,,工作负责人名称
sp_pd_pp_plan,生产计划主表,work_result,longtext,YES,,工作结果
sp_pd_pp_plan,生产计划主表,work_master_uid,varchar,YES,,工作负责人ID
sp_pd_pp_plan,生产计划主表,work_dept_oname,varchar,YES,,工作部门名称
sp_pd_pp_plan,生产计划主表,base_voltage_id,varchar,YES,,基准电压等级ID
sp_pd_pp_plan_child,生产计划子表,id,varchar,NO,PRI,生产计划子表ID
sp_pd_pp_plan_child,生产计划子表,is_sync_update_combinfo,varchar,YES,,是否同步更新组合信息
sp_pd_pp_plan_child,生产计划子表,initial_plan_end_time,datetime,YES,,原始计划结束时间
sp_pd_pp_plan_child,生产计划子表,is_night_work,varchar,YES,,是否夜间作业(1:是2:否)
sp_pd_pp_plan_child,生产计划子表,execute_upload_date,datetime,YES,,工作执行上传时间
sp_pd_pp_plan_child,生产计划子表,temp_task_other_reason,longtext,YES,,临时性任务其他原因说明
sp_pd_pp_plan_child,生产计划子表,work_master_qualification,varchar,YES,,工作班成员资质校验(0未校核 1资质正常 2资质暂停 3资质过期 4黑名单 5无资质 6人证不一致)
sp_pd_pp_plan_child,生产计划子表,audit_complete_time,datetime,YES,,审批完成时间
sp_pd_pp_plan_child,生产计划子表,work_manager_uname,varchar,YES,,计划管理人名称
sp_pd_pp_plan_child,生产计划子表,is_need_construct_scheme,varchar,YES,,是否需要施工方案(1:是 2:否)
sp_pd_pp_plan_child,生产计划子表,finish_waitaffirm_time,datetime,YES,,完成待确认时间
sp_pd_pp_plan_child,生产计划子表,start_work_uname,varchar,YES,,开工人名称
sp_pd_pp_plan_child,生产计划子表,not_rel_object,varchar,YES,,无须关联工作对象(1:是)
sp_pd_pp_plan_child,生产计划子表,province_code,varchar,YES,,省编码
sp_pd_pp_plan_child,生产计划子表,initial_plan_year_begin_time,datetime,YES,,原始年计划开始时间
sp_pd_pp_plan_child,生产计划子表,not_rel_taskform_cause,varchar,YES,,无须关联指导书原因项(1:该项工作无需作业指导书 2:该项工作使用纸质作业指导书 3:其他原因)
sp_pd_pp_plan_child,生产计划子表,temp_task_reason,longtext,YES,,临时性作业任务原因
sp_pd_pp_plan_child,生产计划子表,is_exterior_dept,varchar,YES,,是否外单位(1:是 2:否)
sp_pd_pp_plan_child,生产计划子表,range_of_driving,varchar,YES,,普通出车用时(小时)
sp_pd_pp_plan_child,生产计划子表,is_apply_material,varchar,YES,,是否需申请物资(1:是 2:否)
sp_pd_pp_plan_child,生产计划子表,operations_type,varchar,YES,,广洲:现场作业类型(1:计划作业 2:一般临时作业 3:抢修作业)
sp_pd_pp_plan_child,生产计划子表,woek_team_full_path_name,longtext,YES,,工作班组全路径
sp_pd_pp_plan_child,生产计划子表,record_table_type,varchar,YES,,云南：记录表格类型（云南输电检测检修使用）(1:红外测温检测记录表 2:接地电阻检测记录表 3:接地网开挖检查记录表 4:氧化锌避雷器登检记录表 5:易发山火段统计表 6:交叉跨越测量记录统计表)
sp_pd_pp_plan_child,生产计划子表,need_relation_workticket,varchar,YES,,必须关联工作票(1:是)
sp_pd_pp_plan_child,生产计划子表,exterior_dept_name,varchar,YES,,外单位名称
sp_pd_pp_plan_child,生产计划子表,start_work_operate_mode,varchar,YES,,开工操作方式(1:移动端操作 2:服务端操作)
sp_pd_pp_plan_child,生产计划子表,plan_remark,longtext,YES,,备注
sp_pd_pp_plan_child,生产计划子表,is_dispatch_desk_instruct,varchar,YES,,是否调度台指令(1:是 2:否)
sp_pd_pp_plan_child,生产计划子表,is_produce_waste,varchar,YES,,是否产生危险废物(1:是 2:否)
sp_pd_pp_plan_child,生产计划子表,execute_state,varchar,YES,,工作执行细分状态0作业中1间断中
sp_pd_pp_plan_child,生产计划子表,create_time,datetime,YES,,创建时间
sp_pd_pp_plan_child,生产计划子表,not_rel_taskform,varchar,YES,,无须关联作业指导书(1:是 )
sp_pd_pp_plan_child,生产计划子表,bureau_code,varchar,YES,,局编码
sp_pd_pp_plan_child,生产计划子表,work_hour,varchar,YES,,工作时长(小时)
sp_pd_pp_plan_child,生产计划子表,work_need_count,varchar,YES,,作业饱和评估-工作所需人数
sp_pd_pp_plan_child,生产计划子表,updator_id,varchar,YES,,更新人ID
sp_pd_pp_plan_child,生产计划子表,merged_level,varchar,YES,,合并的级别集合（多个以;隔开差异化运维冗余）
sp_pd_pp_plan_child,生产计划子表,advert_proceeding,longtext,YES,,注意事项
sp_pd_pp_plan_child,生产计划子表,initial_plan_week_end_time,datetime,YES,,原始周计划结束时间
sp_pd_pp_plan_child,生产计划子表,prospect_mode,varchar,YES,,广洲:勘察方式(1:无需勘察 2:需勘察)
sp_pd_pp_plan_child,生产计划子表,personnel_count,varchar,YES,,人员总数
sp_pd_pp_plan_child,生产计划子表,data_belong_unit_oname,varchar,YES,,
sp_pd_pp_plan_child,生产计划子表,is_manual_fill_site,varchar,YES,,是否手工填写工作地点(1:是)
sp_pd_pp_plan_child,生产计划子表,flow_state,varchar,YES,,工作流状态
sp_pd_pp_plan_child,生产计划子表,start_work_uid,varchar,YES,,开工人ID
sp_pd_pp_plan_child,生产计划子表,initial_plan_week_begin_time,datetime,YES,,原始周计划开始时间
sp_pd_pp_plan_child,生产计划子表,is_need_audit_week_task,varchar,YES,,是否周计划计划性审批(1:是)
sp_pd_pp_plan_child,生产计划子表,is_need_instrument,varchar,YES,,是否需要使用工器具：1是
sp_pd_pp_plan_child,生产计划子表,is_add_workwrit,varchar,YES,,广洲:是否办票(1:是 2:否)
sp_pd_pp_plan_child,生产计划子表,old_risk_level,varchar,YES,,历史风险等级
sp_pd_pp_plan_child,生产计划子表,not_rel_voiture,varchar,YES,,无须关联车辆信息(1:是)
sp_pd_pp_plan_child,生产计划子表,data_belong_unit_ocode,varchar,YES,,
sp_pd_pp_plan_child,生产计划子表,maintenance_small_type,varchar,YES,,维护类别细化(30=日常巡维，31=差异化运维(差异化运维冗余))
sp_pd_pp_plan_child,生产计划子表,creator_id,varchar,YES,,创建人ID
sp_pd_pp_plan_child,生产计划子表,specialty_patrol_type_names,longtext,YES,,特殊巡视细类名称集合(1:保供电特巡 2:防风防汛特巡 3:防污闪特巡 4:天气突变特巡 5:高温高负荷特巡 6:防潮特巡 7:防高杆植物特巡 8:防外力破坏 9:防鸟害特巡 10:防雷击特巡 11:防山火特巡 12:防覆冰特巡 13:大跨越特巡 14:其他特巡)
sp_pd_pp_plan_child,生产计划子表,is_need_force_instrument,varchar,YES,,是否强制需要工器具(1:是 2:否)
sp_pd_pp_plan_child,生产计划子表,is_risk_confirm,varchar,YES,,是否已确认风险1是
sp_pd_pp_plan_child,生产计划子表,dispatch_work_time,datetime,YES,,派工时间
sp_pd_pp_plan_child,生产计划子表,maintain_small_type,varchar,YES,,九防特巡类别(200:防冰特巡 201:防山火特巡 202:防风防讯特训 203:防污特巡 204:防舞动特巡 205:防外力破外特巡)
sp_pd_pp_plan_child,生产计划子表,runmanage_team_oname,varchar,YES,,运行班组名称
sp_pd_pp_plan_child,生产计划子表,is_dispatch,varchar,YES,,是否调管(1:是 2:否)
sp_pd_pp_plan_child,生产计划子表,is_new_power,varchar,YES,,是否新电力(1:是 2:否)_广西
sp_pd_pp_plan_child,生产计划子表,process_ins_id,varchar,YES,,流程实例ID
sp_pd_pp_plan_child,生产计划子表,prod_plan_id,varchar,YES,,生产计划ID
sp_pd_pp_plan_child,生产计划子表,is_need_safe_instrument,varchar,YES,,是否强制需要安全工器具(1:是 2:否)
sp_pd_pp_plan_child,生产计划子表,data_from,varchar,YES,,数据来源
sp_pd_pp_plan_child,生产计划子表,execute_upload_uid,varchar,YES,,工作执行上传人ID
sp_pd_pp_plan_child,生产计划子表,work_manager_uid,varchar,YES,,计划管理人ID
sp_pd_pp_plan_child,生产计划子表,update_time,datetime,YES,,数据更新时间
sp_pd_pp_plan_child,生产计划子表,working_small_type,varchar,YES,,工作方式细类(1:带电作业 2:低压停电)
sp_pd_pp_plan_child,生产计划子表,dispatch_work_uid,varchar,YES,,派工人员ID
sp_pd_pp_plan_child,生产计划子表,dispatch_work_uname,varchar,YES,,派工人员名称
sp_pd_pp_plan_child,生产计划子表,execute_download_date,datetime,YES,,工作执行下载时间
sp_pd_pp_plan_child,生产计划子表,not_rel_taskform_cause_other,longtext,YES,,无须关联指导书原因其他原因说明
sp_pd_pp_plan_child,生产计划子表,tower_scope,varchar,YES,,云南：杆塔段
sp_pd_pp_plan_child,生产计划子表,work_master_phone,varchar,YES,,广洲:工作负责人联系方式
sp_pd_pp_plan_child,生产计划子表,initial_plan_begin_time,datetime,YES,,原始计划开始时间
sp_pd_pp_plan_child,生产计划子表,optimistic_lock_version,varchar,YES,,乐观锁版本
sp_pd_pp_plan_child,生产计划子表,initial_plan_year_end_time,datetime,YES,,原始年计划结束时间
sp_pd_pp_plan_child,生产计划子表,start_work_system_time,datetime,YES,,开工系统操作时间
sp_pd_pp_plan_child,生产计划子表,range_of_driving_outlay,varchar,YES,,普通出车费用(元)
sp_pd_pp_plan_child,生产计划子表,is_need_monitor,varchar,YES,,是否纳入视频监控:1是2否
sp_pd_pp_plan_child,生产计划子表,temp_task_reason_type,varchar,YES,,临时性任务原因类型（1.重大紧急缺陷处理 2.抢修 3.临时保供电作业 4.调度指令 5.其他）
sp_pd_pp_plan_child,生产计划子表,runmanage_team_oid,varchar,YES,,运行班组ID
sp_pd_pp_plan_child,生产计划子表,exterior_dept_id,varchar,YES,,外单位ID
sp_pd_pp_plan_child,生产计划子表,is_need_prod_instrument,varchar,YES,,是否强制需要生产工器具(1:是 2:否)
sp_pd_pp_plan_child,生产计划子表,waste_type,varchar,YES,,"产生危险废物类型(1:sf6废气,2:SF6气体-补气,3:SF6气体-退役,4:SF6气体-检修)"
sp_pd_pp_plan_child,生产计划子表,work_master_identity,varchar,YES,,工作负责人标识
sp_pd_pp_plan_child,生产计划子表,is_need_patrol_arrive,varchar,YES,,是否需要到位(1:是 2:否)
sp_pd_pp_plan_child,生产计划子表,updator_uid,varchar,YES,,更新人ID
sp_pd_pp_re_standard,修试规程表,id,varchar,NO,PRI,
sp_pd_pp_re_standard,修试规程表,creator_id,varchar,YES,,创建人ID
sp_pd_pp_re_standard,修试规程表,updator_id,varchar,YES,,更新人ID
sp_pd_pp_re_standard,修试规程表,state,varchar,YES,,状态(1:新增 2:确认)
sp_pd_pp_re_standard,修试规程表,standard_code,varchar,YES,,修试规程编码
sp_pd_pp_re_standard,修试规程表,create_time,datetime,YES,,创建时间
sp_pd_pp_re_standard,修试规程表,update_time,datetime,YES,,更新时间
sp_pd_pp_re_standard,修试规程表,creator_uname,varchar,YES,,创建人名称
sp_pd_pp_re_standard,修试规程表,standard_state,varchar,YES,,数据状态
sp_pd_pp_re_standard,修试规程表,release_version,varchar,YES,,发布版本
sp_pd_pp_re_standard,修试规程表,data_from,varchar,YES,,数据来源
sp_pd_pp_re_standard,修试规程表,bureau_code,varchar,YES,,局编码
sp_pd_pp_re_standard,修试规程表,standard_serial_number,varchar,YES,,对应规程序号
sp_pd_pp_re_standard,修试规程表,creator_uid,varchar,YES,,创建人ID
sp_pd_pp_re_standard,修试规程表,optimistic_lock_version,varchar,YES,,乐观锁版本
sp_pd_pp_re_standard,修试规程表,device_classify_name,varchar,YES,,设备分类名称
sp_pd_pp_re_standard,修试规程表,remark,longtext,YES,,备注
sp_pd_pp_re_standard,修试规程表,province_code,varchar,YES,,省编码
sp_pd_rl_rec_work_writ,工作票记录薄,id,varchar,NO,PRI,主键ID
sp_pd_rl_rec_work_writ,工作票记录薄,duty_principal_signature_uid,varchar,YES,,工作延期时值班负责人签名
sp_pd_rl_rec_work_writ,工作票记录薄,work_end_work_licensee_uname,varchar,YES,,工作终结时的工作许可人名称
sp_pd_rl_rec_work_writ,工作票记录薄,change_sign_uname,varchar,YES,,工作票签发人名称
sp_pd_rl_rec_work_writ,工作票记录薄,add_content_sign_uid,varchar,YES,,增加的工作票签发人签名
sp_pd_rl_rec_work_writ,工作票记录薄,work_principal_signature_uname,varchar,YES,,工作延期时工作负责人名称
sp_pd_rl_rec_work_writ,工作票记录薄,unit_and_team_oid,varchar,YES,,单位和班组ID
sp_pd_rl_rec_work_writ,工作票记录薄,work_task,longtext,YES,,工作任务
sp_pd_rl_rec_work_writ,工作票记录薄,province_code,varchar,YES,,省编码
sp_pd_rl_rec_work_writ,工作票记录薄,change_permission_uid,varchar,YES,,工作许可人
sp_pd_rl_rec_work_writ,工作票记录薄,work_end_work_licensee_uid,varchar,YES,,工作终结时的工作许可人
sp_pd_rl_rec_work_writ,工作票记录薄,team_oname,varchar,YES,,班组名称
sp_pd_rl_rec_work_writ,工作票记录薄,change_sign_uid,varchar,YES,,工作票签发人
sp_pd_rl_rec_work_writ,工作票记录薄,add_content_principal_uname,varchar,YES,,增加的工作许可人签名名称
sp_pd_rl_rec_work_writ,工作票记录薄,work_principal_signature_uid,varchar,YES,,工作延期时工作负责人签名
sp_pd_rl_rec_work_writ,工作票记录薄,work_writ_status,varchar,YES,,"工作票状态 1:发出工作票, 2:工作间断开始, 3:工作间断结束, 4:工作延期, 5:工作终结, 6:工作票终结, 7:未知的工作票状态 可参考WorkTicketStatusEnum"
sp_pd_rl_rec_work_writ,工作票记录薄,change_time,datetime,YES,,同意变更时间
sp_pd_rl_rec_work_writ,工作票记录薄,requirements_time,datetime,YES,,工作票许可时的现场满足工作要求时间
sp_pd_rl_rec_work_writ,工作票记录薄,add_content_detail_time,datetime,YES,,增加的工作内容时间
sp_pd_rl_rec_work_writ,工作票记录薄,duty_principal_uid,varchar,YES,,工作票终结时的值班负责人ID，工作票种类 为变电第一种工作票时此字段有值
sp_pd_rl_rec_work_writ,工作票记录薄,add_content_permission_uid,varchar,YES,,增加的工作负责人签名
sp_pd_rl_rec_work_writ,工作票记录薄,create_time,datetime,YES,,创建时间(记录的创建时间)
sp_pd_rl_rec_work_writ,工作票记录薄,dispatch_switch_code,longtext,YES,,工作票终结时未拉开接地刀闸名称或编号（新安规添加），工作票种类 为变电第一种工作票时此字段有值
sp_pd_rl_rec_work_writ,工作票记录薄,receive_time,datetime,YES,,工作票接收时的接收时间
sp_pd_rl_rec_work_writ,工作票记录薄,work_end_time,datetime,YES,,工作终结时的工作结束时间
sp_pd_rl_rec_work_writ,工作票记录薄,add_content_principal_uid,varchar,YES,,增加的工作许可人签名
sp_pd_rl_rec_work_writ,工作票记录薄,bureau_code,varchar,YES,,局编码
sp_pd_rl_rec_work_writ,工作票记录薄,create_uid,varchar,YES,,记录创建人
sp_pd_rl_rec_work_writ,工作票记录薄,work_ticket_type,varchar,YES,,"工作票种类(与工作票类型保持一致) 11:变电第一种工作票, 12:变电第二种工作票, 13:变电第三种工作票 可参考WorkTicketTypeEnum枚举"
sp_pd_rl_rec_work_writ,工作票记录薄,change_new_principal_uname,varchar,YES,,现工作负责人名称
sp_pd_rl_rec_work_writ,工作票记录薄,dispatch_earthwire_count,varchar,YES,,工作票终结时 未拆除接地线数量（新安规添加），工作票种类 为变电第一种工作票时此字段有值
sp_pd_rl_rec_work_writ,工作票记录薄,dispatch_earthwire_code,longtext,YES,,工作票终结时 未拆除接地线装设地点及编号（新安规添加），工作票种类 为变电第一种工作票时此字段有值
sp_pd_rl_rec_work_writ,工作票记录薄,change_permission_uname,varchar,YES,,工作许可人名称
sp_pd_rl_rec_work_writ,工作票记录薄,work_principal_uname,varchar,YES,,工作负责人名称
sp_pd_rl_rec_work_writ,工作票记录薄,plan_end_time,datetime,YES,,计划结束时间
sp_pd_rl_rec_work_writ,工作票记录薄,opened_grounding_switch,longtext,YES,,工作票终结时的已拉开接地开关，工作票种类 为变电第一种工作票时此字段有值
sp_pd_rl_rec_work_writ,工作票记录薄,plan_start_time,datetime,YES,,计划开始时间
sp_pd_rl_rec_work_writ,工作票记录薄,remove_ground_wire_group_num,varchar,YES,,工作票终结时的已拆除接地线组数，工作票种类 为变电第一种工作票时此字段有值
sp_pd_rl_rec_work_writ,工作票记录薄,ticket_code,longtext,YES,,票号
sp_pd_rl_rec_work_writ,工作票记录薄,dispatch_switch_count,varchar,YES,,工作票终结时 未拉开接地刀闸数量（新安规添加），工作票种类 为变电第一种工作票时此字段有值
sp_pd_rl_rec_work_writ,工作票记录薄,data_from,varchar,YES,,数据来源
sp_pd_rl_rec_work_writ,工作票记录薄,update_time,datetime,YES,,数据更新时间
sp_pd_rl_rec_work_writ,工作票记录薄,work_writ_remark,longtext,YES,,备注
sp_pd_rl_rec_work_writ,工作票记录薄,optimistic_lock_version,varchar,YES,,乐观锁版本
sp_pd_rl_rec_work_writ,工作票记录薄,add_content_permission_uname,varchar,YES,,增加的工作负责人签名名称
sp_pd_rl_rec_work_writ,工作票记录薄,substation_name,varchar,YES,,变电站名称
sp_pd_rl_rec_work_writ,工作票记录薄,permit_work_licensee_user_name,varchar,YES,,工作票许可时的工作许可人名称
sp_pd_rl_rec_work_writ,工作票记录薄,change_new_principal_uid,varchar,YES,,现工作负责人
sp_pd_rl_rec_work_writ,工作票记录薄,opened_grounding_switch_num,varchar,YES,,工作票终结时的已拉开接地开关把数，工作票种类 为变电第一种工作票时此字段有值
sp_pd_rl_rec_work_writ,工作票记录薄,add_content_detail,longtext,YES,,增加的工作内容
sp_pd_rl_rec_work_writ,工作票记录薄,duty_principal_uname,varchar,YES,,值班负责人名称
sp_pd_rl_rec_work_writ,工作票记录薄,change_principal_uname,varchar,YES,,原工作负责人名称
sp_pd_rl_rec_work_writ,工作票记录薄,extension_of_the_period_of_val,datetime,YES,,工作延期时有效期延长到的时间
sp_pd_rl_rec_work_writ,工作票记录薄,end_time,datetime,YES,,工作票终结时的终结时间，工作票种类 为变电第一种工作票时此字段有值
sp_pd_rl_rec_work_writ,工作票记录薄,add_content_sign_uname,varchar,YES,,增加的工作票签发人签名名称
sp_pd_rl_rec_work_writ,工作票记录薄,change_principal_uid,varchar,YES,,原工作负责人
sp_pd_rl_rec_work_writ,工作票记录薄,create_uname,varchar,YES,,创建人
sp_pd_rl_rec_work_writ,工作票记录薄,duty_principal_signature_uname,varchar,YES,,工作延期时值班负责人签名名称
sp_pd_rl_rec_work_writ,工作票记录薄,m_duty_records_id,varchar,YES,,主网交接班(值班)记录ID
sp_pd_rl_rec_work_writ,工作票记录薄,work_principal_uid,varchar,YES,,工作负责人ID
sp_pd_rl_rec_work_writ,工作票记录薄,source_id,varchar,YES,,工作票来源ID
sp_pd_rl_rec_work_writ,工作票记录薄,substation_id,varchar,YES,,变电站ID
sp_pd_rl_rec_work_writ,工作票记录薄,team_ocode,varchar,YES,,班组编码
sp_pd_rl_rec_work_writ,工作票记录薄,permit_work_licensee_user_uid,varchar,YES,,工作票许可时的工作许可人ID
sp_pd_wticket_base,工作票表,id,varchar,NO,PRI,主键ID
sp_pd_wticket_base,工作票表,is_key_box,varchar,YES,,是否钥匙箱(枚举：1-是； 2-否)
sp_pd_wticket_base,工作票表,ticket_type,varchar,YES,,工作票类型（11=厂站第一种工作票，12=厂站第二种工作，13=厂站第三种工作，21=线路第一种工作票，22=线路第二种工作票，31=一级动火票，32=二级动火票，41=配电第一种工作票，42=配电第二种工作票，43=带电作业工作票，44=低压配网工作单票，51=紧急抢修工作票，61=书面布置记录单）
sp_pd_wticket_base,工作票表,work_permission_uid,varchar,YES,,工作许可人ID
sp_pd_wticket_base,工作票表,ticket_receive_uname,varchar,YES,,工作票接收人名称
sp_pd_wticket_base,工作票表,ticket_major,varchar,YES,,所属专业(枚举：1=高压检修， 2=低压检修， 3=自动化， 4=通信， 5=水工， 6=机械)
sp_pd_wticket_base,工作票表,is_communication_ticket,varchar,YES,,是否通信票(枚举：1=是，2=否)
sp_pd_wticket_base,工作票表,work_task,longtext,YES,,工作任务
sp_pd_wticket_base,工作票表,environment_type,varchar,YES,,环境识别类型（职业健康协同）（系统传输）
sp_pd_wticket_base,工作票表,is_exit_switch,varchar,YES,,是否退出重合闸（1=退出，2=不退出）
sp_pd_wticket_base,工作票表,ticket_source_id,varchar,YES,,工作票来源ID
sp_pd_wticket_base,工作票表,watch_oid,varchar,YES,,值班负责人班组ID
sp_pd_wticket_base,工作票表,supply_name,varchar,YES,,供电所名称
sp_pd_wticket_base,工作票表,work_state,varchar,YES,,工作票状态（枚举：1=填写，2=待签发，3=待会签，4=待接收，5=待许可，6= 执行中，7=工作终结，8=工作票终结，9=已取消，10=已作废，11=已删除）
sp_pd_wticket_base,工作票表,ticket_receive_uid,varchar,YES,,工作票接收人ID
sp_pd_wticket_base,工作票表,is_intensive,varchar,YES,,是否集约化（分省个性化需求）：1=是，2=否
sp_pd_wticket_base,工作票表,ticket_no,varchar,YES,,工作票票号
sp_pd_wticket_base,工作票表,is_re_fire,varchar,YES,,是否关联动火票(枚举：1-是； 2-否)
sp_pd_wticket_base,工作票表,secondbill_count,varchar,YES,,二次措施单数量，数值类
sp_pd_wticket_base,工作票表,watch_oname,varchar,YES,,值班负责人班组名称
sp_pd_wticket_base,工作票表,bureau_code,varchar,YES,,局编码
sp_pd_wticket_base,工作票表,is_total_ticket,varchar,YES,,是否总票（枚举：1=是，2=否）
sp_pd_wticket_base,工作票表,double_sign_dep_oname,varchar,YES,,工作票双签发开票人单位和班组名称
sp_pd_wticket_base,工作票表,work_member_count,varchar,YES,,工作班人员总数，数值类
sp_pd_wticket_base,工作票表,create_uid,varchar,YES,,创建人ID
sp_pd_wticket_base,工作票表,ticket_sign_uname,varchar,YES,,工作票签发人名称
sp_pd_wticket_base,工作票表,province_name,varchar,YES,,省公司名称
sp_pd_wticket_base,工作票表,is_attachment_page,varchar,YES,,是否添加附页(1-是；2否)
sp_pd_wticket_base,工作票表,flow_state,varchar,YES,,工作流状态（枚举：0=未上报，1=流程中，2=流程结束）
sp_pd_wticket_base,工作票表,data_belong_unit_ocode,varchar,YES,,数据归口单位编码
sp_pd_wticket_base,工作票表,department_oid,varchar,YES,,单位和班组ID
sp_pd_wticket_base,工作票表,is_graph,varchar,YES,,是否点图成票（枚举：1=是，2=否）
sp_pd_wticket_base,工作票表,ticket_end_watch_uname,varchar,YES,,工作票终结（值班负责人名称）
sp_pd_wticket_base,工作票表,work_end_permission_ocode,varchar,YES,,工作终结许可人班组编码
sp_pd_wticket_base,工作票表,work_principal_ocode,varchar,YES,,工作负责人班组编码
sp_pd_wticket_base,工作票表,watch_ocode,varchar,YES,,值班负责人班组编码
sp_pd_wticket_base,工作票表,process_ins_id,varchar,YES,,流程实例ID
sp_pd_wticket_base,工作票表,county_code,varchar,YES,,县区局编码
sp_pd_wticket_base,工作票表,standard_type,varchar,YES,,安规类型（枚举：1=未归档的旧数据，2=已归档的旧数据）
sp_pd_wticket_base,工作票表,review_source,varchar,YES,,审查结果来源1：安监部会审2：部门班会审
sp_pd_wticket_base,工作票表,is_new_power,varchar,YES,,是否新电力：1=是，2=否
sp_pd_wticket_base,工作票表,whether_outer_dept,varchar,YES,,外来单位(枚举：1=是，2=否)
sp_pd_wticket_base,工作票表,double_sign_uid,varchar,YES,,工作票双签发开票人ID
sp_pd_wticket_base,工作票表,data_from,varchar,YES,,数据来源
sp_pd_wticket_base,工作票表,is_principal_report,varchar,YES,,是否是否负责人汇报节点（枚举：1-是； 2-否)
sp_pd_wticket_base,工作票表,update_time,datetime,YES,,数据更新时间
sp_pd_wticket_base,工作票表,permission_finish_time,datetime,YES,,许可完工时间
sp_pd_wticket_base,工作票表,guardian_uname,varchar,YES,,专责监护人名称
sp_pd_wticket_base,工作票表,ticket_receive_ocode,varchar,YES,,工作票接收人班组编码
sp_pd_wticket_base,工作票表,ticket_end_watch_uid,varchar,YES,,工作票终结（值班负责人ID）
sp_pd_wticket_base,工作票表,permission_time,datetime,YES,,许可工作的时间
sp_pd_wticket_base,工作票表,is_warn,varchar,YES,,是否告警(枚举：1-是； 2-否)
sp_pd_wticket_base,工作票表,work_end_permission_oid,varchar,YES,,工作终结许可人班组ID
sp_pd_wticket_base,工作票表,ticket_sign_uid,varchar,YES,,工作票签发人ID
sp_pd_wticket_base,工作票表,create_uname,varchar,YES,,创建人名称
sp_pd_wticket_base,工作票表,work_permission_ocode,varchar,YES,,工作许可人班组编码
sp_pd_wticket_base,工作票表,work_permission_uname,varchar,YES,,工作许可人名称
sp_pd_wticket_base,工作票表,double_sign_dep_oid,varchar,YES,,工作票双签发开票人单位和班组ID
sp_pd_wticket_base,工作票表,qualified_state,varchar,YES,,合格率状态：1=已上报，其余值均代表未上报
sp_pd_wticket_base,工作票表,work_principal_uid,varchar,YES,,工作负责人ID
sp_pd_wticket_base,工作票表,last_gap_time,datetime,YES,,最后一次间断时间
sp_pd_wticket_base,工作票表,department_code,varchar,YES,,单位和班组编码
sp_pd_wticket_base,工作票表,key_box,varchar,YES,,钥匙箱（双调）
sp_pd_wticket_base,工作票表,work_permission_oid,varchar,YES,,工作许可人班组ID
sp_pd_wticket_base,工作票表,out_or_in,varchar,YES,,内外网类型（枚举：1=内网，2-=外网；）
sp_pd_wticket_base,工作票表,power_grid_flag,varchar,YES,,电网类型（枚举：1=主网，2=配网，3=发电）
sp_pd_wticket_base,工作票表,ticket_sign_ocode,varchar,YES,,工作票签发人班组编码
sp_pd_wticket_base,工作票表,unqualified_reason,varchar,YES,,不合格原因
sp_pd_wticket_base,工作票表,province_code,varchar,YES,,省编码
sp_pd_wticket_base,工作票表,function_location_name,longtext,YES,,功能位置名称
sp_pd_wticket_base,工作票表,bureau_name,varchar,YES,,地市局名称
sp_pd_wticket_base,工作票表,double_sign_dep_ocode,varchar,YES,,工作票双签发开票人单位和班组编码
sp_pd_wticket_base,工作票表,permission_flag,varchar,YES,,紧急抢修工作票是否许可（1=是，2=否）
sp_pd_wticket_base,工作票表,work_place,longtext,YES,,工作地点
sp_pd_wticket_base,工作票表,watch_uname,varchar,YES,,值班负责人名称
sp_pd_wticket_base,工作票表,county_id,varchar,YES,,县区局ID
sp_pd_wticket_base,工作票表,is_supply_ticket,varchar,YES,,是否补录票（枚举：1=是，2=否）
sp_pd_wticket_base,工作票表,ticket_counter_sign_uid,longtext,YES,,工作票会签人ID
sp_pd_wticket_base,工作票表,major,varchar,YES,,专业类型（枚举：1=变电专业，2=输电专业， 3=配电专业）
sp_pd_wticket_base,工作票表,ticket_end_time,datetime,YES,,工作票终结（终结时间）
sp_pd_wticket_base,工作票表,data_belong_unit_oname,varchar,YES,,数据归口单位名称
sp_pd_wticket_base,工作票表,is_key_station,varchar,YES,,是否关键重要站(1=是，2=否)
sp_pd_wticket_base,工作票表,work_principal_oname,varchar,YES,,工作负责人班组名称
sp_pd_wticket_base,工作票表,is_construction_plan,varchar,YES,,是否有施工方案 （枚举： 1=是，2=否;）
sp_pd_wticket_base,工作票表,work_task_type,varchar,YES,,工作任务类型（职业健康协同）（系统传输）
sp_pd_wticket_base,工作票表,create_time,datetime,YES,,创建时间
sp_pd_wticket_base,工作票表,create_oid,varchar,YES,,创建班组ID
sp_pd_wticket_base,工作票表,work_end_time,datetime,YES,,工作终结时间
sp_pd_wticket_base,工作票表,fault_type,varchar,YES,,故障类型（枚举：1=低压，2=中压）
sp_pd_wticket_base,工作票表,receive_time,datetime,YES,,收到工作票的时间
sp_pd_wticket_base,工作票表,supply_reason,longtext,YES,,补录原因
sp_pd_wticket_base,工作票表,watch_uid,varchar,YES,,值班负责人ID
sp_pd_wticket_base,工作票表,work_member_uid,longtext,YES,,工作班人员ID
sp_pd_wticket_base,工作票表,ticket_counter_sign_uname,longtext,YES,,工作票会签人名称
sp_pd_wticket_base,工作票表,work_principal_tel,varchar,YES,,负责人电话
sp_pd_wticket_base,工作票表,work_member_uname,longtext,YES,,工作班人员名称
sp_pd_wticket_base,工作票表,whether_guardian_sign,varchar,YES,,专责监护人已签字(枚举：1=是，2=否)
sp_pd_wticket_base,工作票表,graph_source,varchar,YES,,点图成票来源(枚举：1=广电配网， 2=广西贺州五防)
sp_pd_wticket_base,工作票表,work_principal_uname,varchar,YES,,工作负责人名称
sp_pd_wticket_base,工作票表,plan_end_time,datetime,YES,,计划结束时间
sp_pd_wticket_base,工作票表,work_end_permission_uname,varchar,YES,,工作终结许可人名称
sp_pd_wticket_base,工作票表,supply_id,varchar,YES,,供电所ID
sp_pd_wticket_base,工作票表,plan_start_time,datetime,YES,,计划开始时间
sp_pd_wticket_base,工作票表,work_permission_oname,varchar,YES,,工作许可人班组名称
sp_pd_wticket_base,工作票表,is_back,varchar,YES,,是否回退到填写（枚举：1=否，2=是）
sp_pd_wticket_base,工作票表,ticket_source,varchar,YES,,工作票来源（枚举：1=维护检修，2=故障抢修，3=缺陷管理，4=施工作业周计划，5=施工作业月计划，6=深圳客户全方位，7=配网生产移动应用监控平台，8=配网不停电作业，9=防灾管理，10=基建智慧工程周计划，11=基建智慧工程月计划）
sp_pd_wticket_base,工作票表,create_oname,varchar,YES,,创建班组名称
sp_pd_wticket_base,工作票表,ticket_counter_sign_time,datetime,YES,,会签时间（新安规添加）
sp_pd_wticket_base,工作票表,whether_nomative,varchar,YES,,规范状态(枚举：1=规范，2=不规范)
sp_pd_wticket_base,工作票表,ticket_sign_oid,varchar,YES,,工作票签发人班组ID
sp_pd_wticket_base,工作票表,guardian_uid,varchar,YES,,专责监护人ID
sp_pd_wticket_base,工作票表,work_end_permission_oname,varchar,YES,,工作终结许可人班组名称
sp_pd_wticket_base,工作票表,optimistic_lock_version,varchar,YES,,乐观锁版本，用于控制并发脏数据
sp_pd_wticket_base,工作票表,create_code,varchar,YES,,创建班组编码
sp_pd_wticket_base,工作票表,function_location_id,longtext,YES,,功能位置ID
sp_pd_wticket_base,工作票表,delay_time,datetime,YES,,延期时间（有效期延长到）
sp_pd_wticket_base,工作票表,whether_es_risk,varchar,YES,,办理密闭空间风险措施单(枚举：1=是， 2=否)
sp_pd_wticket_base,工作票表,ticket_sign_oname,varchar,YES,,工作票签发人班组名称
sp_pd_wticket_base,工作票表,work_principal_oid,varchar,YES,,工作负责人班组ID
sp_pd_wticket_base,工作票表,whether_qualified,varchar,YES,,合格状态(枚举：1=合格，2=不合格)
sp_pd_wticket_base,工作票表,unstandard_reason,varchar,YES,,不规范原因
sp_pd_wticket_base,工作票表,ticket_sign_time,datetime,YES,,签发时间（新安规添加）
sp_pd_wticket_base,工作票表,county_name,varchar,YES,,县区局名称
sp_pd_wticket_base,工作票表,ticket_receive_oid,varchar,YES,,工作票接收人班组ID
sp_pd_wticket_base,工作票表,is_gap,varchar,YES,,是否间断中（枚举：1=是，2=否）
sp_pd_wticket_base,工作票表,last_gap_start_time,datetime,YES,,最后一次开工时间
sp_pd_wticket_base,工作票表,work_end_permission_uid,varchar,YES,,工作终结许可人ID
sp_pd_wticket_base,工作票表,ticket_receive_oname,varchar,YES,,工作票接收人班组名称
sp_pd_wticket_base,工作票表,updator_uid,varchar,YES,,更新人ID
sp_pd_wticket_base,工作票表,department_oname,varchar,YES,,单位和班组名称
sp_pd_wticket_base,工作票表,double_sign_uname,varchar,YES,,工作票双签发开票人名称
sp_pd_wticket_base,工作票表,function_name,longtext,YES,,功能位置存储名称
sp_pd_wticket_base,工作票表,supply_code,varchar,YES,,供电所编码
sp_pd_wticket_base,工作票表,risk_leval,varchar,YES,,风险等级：(1=特高，2=高，3=中，4=低，5=可接受)	
sp_pd_wticket_base,工作票表,whether_secondbill,varchar,YES,,办理二次措施单(枚举：1=是，2=否)
sp_pd_wticket_business_re,工作票与外部关系关联表超高压,id,varchar,NO,PRI,主键ID
sp_pd_wticket_business_re,工作票与外部关系关联表超高压,ticket_type,varchar,YES,,工作票类型(主要用来区分工作票与动火票)：变1票-11；变2票-12；变3票-13；线路第一种工作票-21；线路第二种工作票-22；配电第一种工作票-41；配电第二种工作票-42；一级动火工作票-31；二级动火工作票-32；
sp_pd_wticket_business_re,工作票与外部关系关联表超高压,business_name,varchar,YES,,业务标识，对应的业务单号，如工单号、停电单号等
sp_pd_wticket_business_re,工作票与外部关系关联表超高压,create_time,datetime,YES,,创建时间
sp_pd_wticket_business_re,工作票与外部关系关联表超高压,bureau_code,varchar,YES,,局编码
sp_pd_wticket_business_re,工作票与外部关系关联表超高压,province_code,varchar,YES,,省编码
sp_pd_wticket_business_re,工作票与外部关系关联表超高压,data_from,varchar,YES,,数据来源
sp_pd_wticket_business_re,工作票与外部关系关联表超高压,wticket_id,varchar,YES,,工作票ID
sp_pd_wticket_business_re,工作票与外部关系关联表超高压,update_time,datetime,YES,,数据更新时间
sp_pd_wticket_business_re,工作票与外部关系关联表超高压,optimistic_lock_version,varchar,YES,,乐观锁版本
sp_pd_wticket_business_re,工作票与外部关系关联表超高压,ticket_no,varchar,YES,,工作票票号：工作票业务表单-工作票号
sp_pd_wticket_business_re,工作票与外部关系关联表超高压,business_type,varchar,YES,,业务类型，枚举：1-停电单； 2-计划；3--配网电子化移交单；4-低压停电单；5-停电周计划；6-故障抢修；7-缺陷管理
sp_pd_wticket_business_re,工作票与外部关系关联表超高压,business_id,varchar,YES,,业务ID，根据业务类型决定存储的是何种业务的ID
sp_pd_wticket_earthwire,工作票-应装设地线,id,varchar,NO,PRI,主键ID
sp_pd_wticket_earthwire,工作票-应装设地线,wticket_id,varchar,YES,,工作票ID
sp_pd_wticket_earthwire,工作票-应装设地线,earthwire_code,varchar,YES,,接地线编号：线路第一种工作票业务表单-应装设接地线（接地线编号）
sp_pd_wticket_earthwire,工作票-应装设地线,update_time,datetime,YES,,数据更新时间
sp_pd_wticket_earthwire,工作票-应装设地线,serialnumber,varchar,YES,,排序号
sp_pd_wticket_earthwire,工作票-应装设地线,create_time,datetime,YES,,创建时间
sp_pd_wticket_earthwire,工作票-应装设地线,optimistic_lock_version,varchar,YES,,乐观锁版本
sp_pd_wticket_earthwire,工作票-应装设地线,bureau_code,varchar,YES,,局编码
sp_pd_wticket_earthwire,工作票-应装设地线,line_name_no,varchar,YES,,线路名称及杆号：线路第一种工作票业务表单-应装设接地线（线路名称及杆号）
sp_pd_wticket_earthwire,工作票-应装设地线,province_code,varchar,YES,,省编码
sp_pd_wticket_earthwire,工作票-应装设地线,data_from,varchar,YES,,数据来源
sp_pd_wticket_execute,工作票执行信息,id,varchar,NO,PRI,主键ID
sp_pd_wticket_execute,工作票执行信息,exit_dispatcher_uname,varchar,YES,,相关重合闸已退出的下达通知的调度值班员名称
sp_pd_wticket_execute,工作票执行信息,work_end_report_way,varchar,YES,,工作终结（终结的报告方式-（枚举：1-当面； 2-电话））：线1、配1工作票业务表单-工作终结（终结的报告方式）-枚举型 当面-1，电话-2
sp_pd_wticket_execute,工作票执行信息,recover_dispatcher_uid,varchar,YES,,相关重合闸可以恢复的接受通知的调度值班员ID
sp_pd_wticket_execute,工作票执行信息,change_sign_uname,varchar,YES,,工作负责人变更的工作票签发人名称
sp_pd_wticket_execute,工作票执行信息,add_content_sign_uid,varchar,YES,,工作任务变更的工作签发人ID
sp_pd_wticket_execute,工作票执行信息,delay_principal_uid,varchar,YES,,延期（工作负责人签名ID）：变电工作票、线1、配1工作票业务表单-延期（工作负责人签名）
sp_pd_wticket_execute,工作票执行信息,delay_watch_uname,varchar,YES,,延期的值班负责人签名名称
sp_pd_wticket_execute,工作票执行信息,province_code,varchar,YES,,省编码
sp_pd_wticket_execute,工作票执行信息,change_permission_uid,varchar,YES,,工作负责人变更的工作许可人ID
sp_pd_wticket_execute,工作票执行信息,exit_time,datetime,YES,,相关重合闸已退出（时间）：线路第二种工作票业务表单-相关重合闸已退出（时间）
sp_pd_wticket_execute,工作票执行信息,delay_apply_way,varchar,YES,,延期（枚举：1-当面； 2-电话）：线路第一种工作票业务表单-延期（申请方式）
sp_pd_wticket_execute,工作票执行信息,other_plan_content,longtext,YES,,其他补充内容
sp_pd_wticket_execute,工作票执行信息,delay_permission_uid,varchar,YES,,延期的工作许可人签名ID
sp_pd_wticket_execute,工作票执行信息,change_sign_uid,varchar,YES,,工作负责人变更的工作票签发人ID
sp_pd_wticket_execute,工作票执行信息,add_content_principal_uname,varchar,YES,,增加工作内容工作负责人名称
sp_pd_wticket_execute,工作票执行信息,work_end_earthwire_count,varchar,YES,,工作终结（工作负责人汇报-地线拆除组数）：变1、配1工作业务表单-工作票终结（接地线拆除组数）
sp_pd_wticket_execute,工作票执行信息,delay_permission_uname,varchar,YES,,延期的工作许可人签名名称
sp_pd_wticket_execute,工作票执行信息,change_time,datetime,YES,,工作负责人变更（同意变更时间）：变电、线路、配电工作票业务表单-工作负责人变更（原工作负责人）
sp_pd_wticket_execute,工作票执行信息,add_content_detail_time,datetime,YES,,增加工作内容时间
sp_pd_wticket_execute,工作票执行信息,work_plan_content,longtext,YES,,工作交代内容
sp_pd_wticket_execute,工作票执行信息,safe_account_uname,longtext,YES,,安全交代工作成员名称（新安规添加）支持手写
sp_pd_wticket_execute,工作票执行信息,create_time,datetime,YES,,创建时间
sp_pd_wticket_execute,工作票执行信息,add_content_permission_uid,varchar,YES,,增加工作内容的工作许可人ID
sp_pd_wticket_execute,工作票执行信息,bureau_code,varchar,YES,,局编码
sp_pd_wticket_execute,工作票执行信息,add_content_principal_uid,varchar,YES,,增加工作内容工作负责人ID
sp_pd_wticket_execute,工作票执行信息,recover_dispatcher_uname,varchar,YES,,相关重合闸可以恢复的接受通知的调度值班员名称
sp_pd_wticket_execute,工作票执行信息,change_new_principal_uname,varchar,YES,,工作负责人变更的现工作负责人名称
sp_pd_wticket_execute,工作票执行信息,work_end_principal_uname,varchar,YES,,工作终结的工作负责人名称
sp_pd_wticket_execute,工作票执行信息,change_permission_uname,varchar,YES,,工作负责人变更的工作许可人名称
sp_pd_wticket_execute,工作票执行信息,work_end_principal_uid,varchar,YES,,工作终结（工作负责人ID）：变电、线路、配电工作票业务表单-工作终结（工作负责人）
sp_pd_wticket_execute,工作票执行信息,safe_account_time,datetime,YES,,安全交代时间（新安规添加）
sp_pd_wticket_execute,工作票执行信息,exit_dispatcher_uid,varchar,YES,,相关重合闸已退出的下达通知的调度值班员ID
sp_pd_wticket_execute,工作票执行信息,end_type,varchar,YES,,结束类型 1：抢修结束，2：转移工作票;紧急抢修票使用
sp_pd_wticket_execute,工作票执行信息,delay_principal_uname,varchar,YES,,延期的工作负责人签名名称
sp_pd_wticket_execute,工作票执行信息,safe_account_uid,longtext,YES,,安全交代工作成员（新安规添加）多选
sp_pd_wticket_execute,工作票执行信息,recover_time,datetime,YES,,相关重合闸可以恢复（时间）：线路第二种工作票业务表单-相关重合闸可以恢复（时间）
sp_pd_wticket_execute,工作票执行信息,data_from,varchar,YES,,数据来源
sp_pd_wticket_execute,工作票执行信息,update_time,datetime,YES,,数据更新时间
sp_pd_wticket_execute,工作票执行信息,ticket_end_switch_count,varchar,YES,,工作票终结（已拉开接地开关数量）：变电第一种工作业务表单-工作票终结（接地开关总数）
sp_pd_wticket_execute,工作票执行信息,delay_watch_uid,varchar,YES,,延期的值班负责人签名ID
sp_pd_wticket_execute,工作票执行信息,optimistic_lock_version,varchar,YES,,乐观锁版本
sp_pd_wticket_execute,工作票执行信息,add_content_permission_uname,varchar,YES,,增加工作内容的工作许可人名称
sp_pd_wticket_execute,工作票执行信息,change_new_principal_uid,varchar,YES,,工作负责人变更的现工作负责人ID
sp_pd_wticket_execute,工作票执行信息,add_content_detail,longtext,YES,,增加工作内容（增加的工作内容）：变1、变2、线1、配1工作票业务表单-增加工作内容（不需变更安全措施）
sp_pd_wticket_execute,工作票执行信息,change_principal_uname,varchar,YES,,工作负责人变更的原工作负责人名称
sp_pd_wticket_execute,工作票执行信息,live_safe_measure,longtext,YES,,现场设备状况及保留的安全措施 紧急抢修单（新安规）
sp_pd_wticket_execute,工作票执行信息,add_content_sign_uname,varchar,YES,,工作任务变更的工作签发人名称
sp_pd_wticket_execute,工作票执行信息,change_principal_uid,varchar,YES,,工作负责人变更的原工作负责人ID
sp_pd_wticket_execute,工作票执行信息,delay_fill_time,datetime,YES,,延期填写时间（新安规添加）
sp_pd_wticket_execute,工作票执行信息,wticket_id,varchar,YES,,工作票ID
sp_pd_wticket_execute,工作票执行信息,is_line_switch_recove,varchar,YES,,相关线路重合闸装置、再启动功能可以恢复 1.可以；2.不可以（新安规添加）
sp_pd_wticket_execute,工作票执行信息,ticket_end_pull_switch,longtext,YES,,工作票终结（已拉开接地开关）：变电第一种工作业务表单-工作票终结（接地开关）
sp_pd_wticket_execute,工作票执行信息,work_end_fill_time,datetime,YES,,作业终结填写时间(新安规添加)
sp_pd_wticket_fire,动火工作票信息,id,varchar,NO,PRI,主键ID
sp_pd_wticket_fire,动火工作票信息,ticket_type,varchar,YES,,动火票类型：一级动火工作票-31；二级动火工作票-32；
sp_pd_wticket_fire,动火工作票信息,work_permission_uid,varchar,YES,,工作许可人ID：变电、线路、配电工作票业务表单-工作许可人
sp_pd_wticket_fire,动火工作票信息,ticket_end_execute_ocode,varchar,YES,,结束动火执行人班组CODE
sp_pd_wticket_fire,动火工作票信息,ticket_end_execute_oid,varchar,YES,,结束动火执行人班组ID
sp_pd_wticket_fire,动火工作票信息,work_task,longtext,YES,,工作任务：工作票业务表单-动火工作内容
sp_pd_wticket_fire,动火工作票信息,work_state,varchar,YES,,动火票状态：填写-1；待签发-2; 待会签-3; 待接收-4; 待许可-5; 执行中-6; 工作终结-7；工作票终结-8；已取消-9；已作废-10；已删除-11
sp_pd_wticket_fire,动火工作票信息,is_intensive,varchar,YES,,是否集约化（分省个性化需求） 1:是 空白:否
sp_pd_wticket_fire,动火工作票信息,ticket_no,varchar,YES,,动火票票号
sp_pd_wticket_fire,动火工作票信息,ticket_execute_oid,varchar,YES,,动火执行人班组ID
sp_pd_wticket_fire,动火工作票信息,work_end_guardian_uname,varchar,YES,,结束动火工作监护人名称
sp_pd_wticket_fire,动火工作票信息,safty_start_uname,varchar,YES,,安全监察部门负责人名称（首次开工）（新安规）
sp_pd_wticket_fire,动火工作票信息,ticket_execute_uname,varchar,YES,,动火执行人名称（作业开工）(新安规添加)
sp_pd_wticket_fire,动火工作票信息,bureau_code,varchar,YES,,局编码
sp_pd_wticket_fire,动火工作票信息,create_uid,varchar,YES,,创建人ID
sp_pd_wticket_fire,动火工作票信息,ticket_execute_oname,varchar,YES,,动火执行人班组名称
sp_pd_wticket_fire,动火工作票信息,ticket_sign_uname,varchar,YES,,工作票签发人名称
sp_pd_wticket_fire,动火工作票信息,work_end_principal_uname,varchar,YES,,结束动火工作负责人名称
sp_pd_wticket_fire,动火工作票信息,province_name,varchar,YES,,省公司名称
sp_pd_wticket_fire,动火工作票信息,flow_state,varchar,YES,,工作流状态：0-未上报；1-流程中；2-流程结束
sp_pd_wticket_fire,动火工作票信息,work_end_protection_uid,varchar,YES,,动火部门负责人ID（首次开工）（新安规添加）
sp_pd_wticket_fire,动火工作票信息,work_end_principal_uid,varchar,YES,,结束动火工作负责人ID
sp_pd_wticket_fire,动火工作票信息,department_oid,varchar,YES,,单位和班组ID
sp_pd_wticket_fire,动火工作票信息,protection_start_uid,varchar,YES,,消防部门负责人ID(新安规添加)
sp_pd_wticket_fire,动火工作票信息,bureau_start_uname,varchar,YES,,厂（局）负责人名称（首次开工）（新安规）
sp_pd_wticket_fire,动火工作票信息,work_end_permission_ocode,varchar,YES,,结束动火工作许可人班组CODE
sp_pd_wticket_fire,动火工作票信息,construction_safty_uid,varchar,YES,,施工部门安监人员ID
sp_pd_wticket_fire,动火工作票信息,work_principal_ocode,varchar,YES,,工作负责人班组CODE
sp_pd_wticket_fire,动火工作票信息,work_end_guardian_uid,varchar,YES,,结束动火工作监护人ID
sp_pd_wticket_fire,动火工作票信息,process_ins_id,varchar,YES,,流程实例ID
sp_pd_wticket_fire,动火工作票信息,latitude,varchar,YES,,纬度-作业地点
sp_pd_wticket_fire,动火工作票信息,ticket_end_execute_uname,varchar,YES,,结束动火执行人名称（新安规添加）
sp_pd_wticket_fire,动火工作票信息,whether_outer_dept,varchar,YES,,是否外来单位（枚举：1-是； 2-否）：动火票业务表单-是否外来单位
sp_pd_wticket_fire,动火工作票信息,data_from,varchar,YES,,数据来源
sp_pd_wticket_fire,动火工作票信息,safty_start_uid,varchar,YES,,安全监察部门负责人ID（首次开工）（新安规）
sp_pd_wticket_fire,动火工作票信息,update_time,datetime,YES,,数据更新时间
sp_pd_wticket_fire,动火工作票信息,permission_time,datetime,YES,,许可工作的时间
sp_pd_wticket_fire,动火工作票信息,work_end_permission_oid,varchar,YES,,结束动火工作许可人班组ID
sp_pd_wticket_fire,动火工作票信息,ticket_sign_uid,varchar,YES,,工作票签发人ID
sp_pd_wticket_fire,动火工作票信息,create_uname,varchar,YES,,创建人名称
sp_pd_wticket_fire,动火工作票信息,work_permission_ocode,varchar,YES,,工作许可人班组CODE
sp_pd_wticket_fire,动火工作票信息,work_permission_uname,varchar,YES,,工作许可人名称：变电、线路、配电工作票业务表单-工作许可人
sp_pd_wticket_fire,动火工作票信息,wticket_id,varchar,YES,,工作票ID：当前动火票所关联的工作票的ID
sp_pd_wticket_fire,动火工作票信息,construction_safty_uname,varchar,YES,,施工部门安监人员名称
sp_pd_wticket_fire,动火工作票信息,work_principal_uid,varchar,YES,,工作负责人ID
sp_pd_wticket_fire,动火工作票信息,job_location,longtext,YES,,作业地点-作业地点
sp_pd_wticket_fire,动火工作票信息,protection_uid,varchar,YES,,消防部门负责人ID（会签点）（新安规）
sp_pd_wticket_fire,动火工作票信息,ticket_execute_uid,varchar,YES,,作业开工的动火执行人ID
sp_pd_wticket_fire,动火工作票信息,department_code,varchar,YES,,单位和班组CODE
sp_pd_wticket_fire,动火工作票信息,work_permission_oid,varchar,YES,,工作许可人班组ID
sp_pd_wticket_fire,动火工作票信息,countersign_state,varchar,YES,,待会签状态：施工部门安监人员审核-1；运行部门安监人员审核-2；局领导审核-3
sp_pd_wticket_fire,动火工作票信息,out_or_in,varchar,YES,,内外网标识：1.内网 2.外网
sp_pd_wticket_fire,动火工作票信息,power_grid_flag,varchar,YES,,电网类型：1-主网；2-配网。
sp_pd_wticket_fire,动火工作票信息,ticket_sign_ocode,varchar,YES,,工作签发人班组CODE
sp_pd_wticket_fire,动火工作票信息,ticket_end_execute_uid,varchar,YES,,结束动火执行人ID（新安规添加）
sp_pd_wticket_fire,动火工作票信息,province_code,varchar,YES,,省编码
sp_pd_wticket_fire,动火工作票信息,bureau_name,varchar,YES,,地市局名称
sp_pd_wticket_fire,动火工作票信息,function_location_name,longtext,YES,,功能位置名称
sp_pd_wticket_fire,动火工作票信息,work_place,longtext,YES,,工作地点（段）：动火票业务表单-动火地点及设备
sp_pd_wticket_fire,动火工作票信息,ticket_execute_ocode,varchar,YES,,动火执行人班组CODE
sp_pd_wticket_fire,动火工作票信息,ticket_counter_sign_uid,varchar,YES,,工作票会签人ID（新安规添加）
sp_pd_wticket_fire,动火工作票信息,major,varchar,YES,,专业类型：1:TICKET_SUB--变电专业；2:TICKET_LINE--输电专业；3: TICKET_DIS--配电专业
sp_pd_wticket_fire,动火工作票信息,ticket_end_execute_oname,varchar,YES,,结束动火执行人班组名称
sp_pd_wticket_fire,动火工作票信息,work_principal_oname,varchar,YES,,工作负责人班组名称
sp_pd_wticket_fire,动火工作票信息,longitude,varchar,YES,,经度-作业地点
sp_pd_wticket_fire,动火工作票信息,create_time,datetime,YES,,创建时间
sp_pd_wticket_fire,动火工作票信息,create_oid,varchar,YES,,创建班组ID
sp_pd_wticket_fire,动火工作票信息,work_end_time,datetime,YES,,工作终结时间
sp_pd_wticket_fire,动火工作票信息,receive_time,datetime,YES,,收到工作票时间(新安规添加)
sp_pd_wticket_fire,动火工作票信息,bureau_uid,varchar,YES,,局负责人ID：动火1票
sp_pd_wticket_fire,动火工作票信息,bureau_start_uid,varchar,YES,,厂（局）负责人ID（首次开工）（新安规）
sp_pd_wticket_fire,动火工作票信息,work_member_uid,longtext,YES,,工作班人员ID
sp_pd_wticket_fire,动火工作票信息,ticket_counter_sign_uname,varchar,YES,,工作票会签人名称（新安规添加）
sp_pd_wticket_fire,动火工作票信息,work_principal_tel,varchar,YES,,负责人电话
sp_pd_wticket_fire,动火工作票信息,work_member_uname,longtext,YES,,工作班人员名称：动火票业务表单-动火工作执行人
sp_pd_wticket_fire,动火工作票信息,operation_safty_uid,varchar,YES,,运行部门安监人员ID
sp_pd_wticket_fire,动火工作票信息,work_principal_uname,varchar,YES,,工作负责人名称
sp_pd_wticket_fire,动火工作票信息,plan_end_time,datetime,YES,,计划结束时间：动火票业务表单-计划结束时间
sp_pd_wticket_fire,动火工作票信息,work_end_permission_uname,varchar,YES,,结束动火工作许可人名称
sp_pd_wticket_fire,动火工作票信息,work_guardian_uid,varchar,YES,,动火监护人ID
sp_pd_wticket_fire,动火工作票信息,plan_start_time,datetime,YES,,计划开始时间：动火票业务表单-计划开始时间
sp_pd_wticket_fire,动火工作票信息,work_guardian_uname,varchar,YES,,动火监护人名称
sp_pd_wticket_fire,动火工作票信息,work_permission_oname,varchar,YES,,工作许可人班组名称
sp_pd_wticket_fire,动火工作票信息,ticket_source,varchar,YES,,工作票来源 1：维护检修
sp_pd_wticket_fire,动火工作票信息,create_oname,varchar,YES,,创建班组名称
sp_pd_wticket_fire,动火工作票信息,operation_safty_uname,varchar,YES,,运行部门安监人员名称
sp_pd_wticket_fire,动火工作票信息,whether_nomative,varchar,YES,,是否规范（枚举：1-是； 2-否）
sp_pd_wticket_fire,动火工作票信息,ticket_sign_oid,varchar,YES,,工作签发人班组ID
sp_pd_wticket_fire,动火工作票信息,work_end_permission_oname,varchar,YES,,结束动火工作许可人班组名称
sp_pd_wticket_fire,动火工作票信息,optimistic_lock_version,varchar,YES,,乐观锁版本
sp_pd_wticket_fire,动火工作票信息,work_end_protection_uname,varchar,YES,,动火部门负责人名称（首次开工）（新安规添加）
sp_pd_wticket_fire,动火工作票信息,protection_uname,varchar,YES,,消防部门负责人名称（会签点）（新安规）
sp_pd_wticket_fire,动火工作票信息,create_code,varchar,YES,,创建班组CODE
sp_pd_wticket_fire,动火工作票信息,function_location_id,longtext,YES,,功能位置Id
sp_pd_wticket_fire,动火工作票信息,work_principal_oid,varchar,YES,,工作负责人班组ID
sp_pd_wticket_fire,动火工作票信息,ticket_sign_oname,varchar,YES,,工作签发人班组名称
sp_pd_wticket_fire,动火工作票信息,whether_qualified,varchar,YES,,是否合格（枚举：1-是； 2-否）
sp_pd_wticket_fire,动火工作票信息,work_end_permission_uid,varchar,YES,,结束动火工作许可人ID
sp_pd_wticket_fire,动火工作票信息,department_oname,varchar,YES,,单位和班组名称：动火票业务表单-动火部门
sp_pd_wticket_fire,动火工作票信息,function_name,longtext,YES,,功能位置存储名称，显示用不能修改区别于 function_location_name
sp_pd_wticket_fire,动火工作票信息,protection_start_uname,varchar,YES,,消防部门负责人名称(新安规添加)
sp_pd_wticket_fire,动火工作票信息,bureau_uname,varchar,YES,,局负责人名称：动火1票
sp_pd_wticket_firecontent,动火工作票内容,id,varchar,NO,PRI,主键ID
sp_pd_wticket_firecontent,动火工作票内容,cancel_time,datetime,YES,,取消或作废时间
sp_pd_wticket_firecontent,动火工作票内容,work_start_permission_uname,varchar,YES,,开始工作许可人名称
sp_pd_wticket_firecontent,动火工作票内容,cancel_uname,varchar,YES,,取消或作废人名称
sp_pd_wticket_firecontent,动火工作票内容,work_start_guardian_uname,varchar,YES,,开始动火工作监护人名称
sp_pd_wticket_firecontent,动火工作票内容,create_time,datetime,YES,,创建时间
sp_pd_wticket_firecontent,动火工作票内容,work_start_principal_uid,varchar,YES,,开始工作负责人ID
sp_pd_wticket_firecontent,动火工作票内容,bureau_code,varchar,YES,,局编码
sp_pd_wticket_firecontent,动火工作票内容,repare_safty,longtext,YES,,检修应采取的安全措施
sp_pd_wticket_firecontent,动火工作票内容,remark,longtext,YES,,备注
sp_pd_wticket_firecontent,动火工作票内容,province_code,varchar,YES,,省编码
sp_pd_wticket_firecontent,动火工作票内容,running_safty,longtext,YES,,运行应采取的安全措施
sp_pd_wticket_firecontent,动火工作票内容,data_from,varchar,YES,,数据来源
sp_pd_wticket_firecontent,动火工作票内容,work_start_permission_uid,varchar,YES,,开始工作许可人ID
sp_pd_wticket_firecontent,动火工作票内容,wticket_id,varchar,YES,,动火票ID
sp_pd_wticket_firecontent,动火工作票内容,update_time,datetime,YES,,数据更新时间
sp_pd_wticket_firecontent,动火工作票内容,cancel_reason,longtext,YES,,取消或作废原因
sp_pd_wticket_firecontent,动火工作票内容,optimistic_lock_version,varchar,YES,,乐观锁版本
sp_pd_wticket_firecontent,动火工作票内容,whether_measure_ok,varchar,YES,,可燃性、易爆气体含量或粉尘浓度测定是否合格（枚举：1-是； 2-否）
sp_pd_wticket_firecontent,动火工作票内容,cancel_uid,varchar,YES,,取消或作废人ID
sp_pd_wticket_firecontent,动火工作票内容,work_start_principal_uname,varchar,YES,,开始工作负责人名称
sp_pd_wticket_firecontent,动火工作票内容,work_start_guardian_uid,varchar,YES,,开始动火工作监护人ID
sp_pd_wticket_saftymeasures,工作票-工作应采取的安全措施,id,varchar,NO,PRI,主键ID
sp_pd_wticket_saftymeasures,工作票-工作应采取的安全措施,per_pull_breaker,longtext,YES,,（许可人填写）应断开的断路器（开关）（双重名称或编号）
sp_pd_wticket_saftymeasures,工作票-工作应采取的安全措施,safty_and_care,longtext,YES,,应采取的安全措施及安全注意事项：线2、配2、带电作业工作票业务表单-应采取的安全措施及安全注意事项
sp_pd_wticket_saftymeasures,工作票-工作应采取的安全措施,pull_switch,longtext,YES,,应拉隔离开关（刀闸）：变电第一种工作票业务表单-应拉隔离开关（刀闸）
sp_pd_wticket_saftymeasures,工作票-工作应采取的安全措施,earthwire_count_safe,varchar,YES,,保安地线数(现场安全措施)：配1（现场安全措施）工作票业务表单
sp_pd_wticket_saftymeasures,工作票-工作应采取的安全措施,whether_poweroff,varchar,YES,,是否停电工作(枚举：1-是； 2-否):配电低压工作单
sp_pd_wticket_saftymeasures,工作票-工作应采取的安全措施,per_billboard,longtext,YES,,（许可人填写）应装设遮栏、应悬挂标志牌（位置）
sp_pd_wticket_saftymeasures,工作票-工作应采取的安全措施,province_code,varchar,YES,,省编码
sp_pd_wticket_saftymeasures,工作票-工作应采取的安全措施,billboard_local,longtext,YES,,应设遮拦、应挂标示牌(现场安全措施)：配1（现场安全措施）工作票业务表单
sp_pd_wticket_saftymeasures,工作票-工作应采取的安全措施,ele_line_device,longtext,YES,,保留的带电线路或带电设备：线1、配1工作票业务表单-保留的带电线路或带电设备
sp_pd_wticket_saftymeasures,工作票-工作应采取的安全措施,pull_breaker_switch,longtext,YES,,应拉断路器（开关）和隔离开关（刀闸）：线路第一种工作票业务表单-应拉断路器（开关）和隔离开关（刀闸）
sp_pd_wticket_saftymeasures,工作票-工作应采取的安全措施,earthwire_count_work,varchar,YES,,工作地线数(现场安全措施)：配1（现场安全措施）工作票业务表单
sp_pd_wticket_saftymeasures,工作票-工作应采取的安全措施,whether_notice,varchar,YES,,是否通知重要客户:配电低压工作单(枚举：1-是； 2-否)
sp_pd_wticket_saftymeasures,工作票-工作应采取的安全措施,longitude,varchar,YES,,经度-作业地点
sp_pd_wticket_saftymeasures,工作票-工作应采取的安全措施,create_time,datetime,YES,,创建时间
sp_pd_wticket_saftymeasures,工作票-工作应采取的安全措施,bureau_code,varchar,YES,,局编码
sp_pd_wticket_saftymeasures,工作票-工作应采取的安全措施,dcpower_lowp_circle,longtext,YES,,应投切相关直流电源、低压及二次回路：变1、配1工作票业务表单-应投切相关直流电源、低压及二次回路
sp_pd_wticket_saftymeasures,工作票-工作应采取的安全措施,per_dcpower_lowp_circle,longtext,YES,,（许可人填写）应投切的相关交直流电源（负荷开关、空气开关、熔断器等）、低压及二次回路（连接片、软压板、转换开关、尾纤等）
sp_pd_wticket_saftymeasures,工作票-工作应采取的安全措施,billboard,longtext,YES,,应设遮拦、应挂标示牌：变1、变2、线1、配1（系统安全措施）工作票业务表单-应设遮拦、应挂标示牌
sp_pd_wticket_saftymeasures,工作票-工作应采取的安全措施,updator_id,varchar,YES,,更新人ID
sp_pd_wticket_saftymeasures,工作票-工作应采取的安全措施,nearby_ele_device,longtext,YES,,邻近的带电设备名称（新安规添加）
sp_pd_wticket_saftymeasures,工作票-工作应采取的安全措施,whether_line_grounding,varchar,YES,,是否要求线路对侧接地(枚举：1-是； 2-否)：变电第一种工作票业务表单-是否要求线路对侧接地
sp_pd_wticket_saftymeasures,工作票-工作应采取的安全措施,disater_repair_guardian_uname,varchar,YES,,灾后抢修专责监护人名称
sp_pd_wticket_saftymeasures,工作票-工作应采取的安全措施,stop_line,longtext,YES,,需停用重合闸线路：配电作业工作单
sp_pd_wticket_saftymeasures,工作票-工作应采取的安全措施,creator_id,varchar,YES,,创建人ID
sp_pd_wticket_saftymeasures,工作票-工作应采取的安全措施,power_circle_state,longtext,YES,,相关直流低压及二次回路状态：变电第二种工作票业务表单-相关直流低压及二次回路状态
sp_pd_wticket_saftymeasures,工作票-工作应采取的安全措施,per_switch_ear_insulation,longtext,YES,,（许可人填写）应合上的接地刀闸（双重名称或编号）、装设的接地线（装设地点）、装设的绝缘挡板
sp_pd_wticket_saftymeasures,工作票-工作应采取的安全措施,latitude,varchar,YES,,纬度-作业地点
sp_pd_wticket_saftymeasures,工作票-工作应采取的安全措施,line_state_require,longtext,YES,,线路状态要求
sp_pd_wticket_saftymeasures,工作票-工作应采取的安全措施,repair_control_uid,varchar,YES,,抢修任务布置人ID
sp_pd_wticket_saftymeasures,工作票-工作应采取的安全措施,remark,longtext,YES,,备注
sp_pd_wticket_saftymeasures,工作票-工作应采取的安全措施,data_from,varchar,YES,,数据来源
sp_pd_wticket_saftymeasures,工作票-工作应采取的安全措施,update_time,datetime,YES,,数据更新时间
sp_pd_wticket_saftymeasures,工作票-工作应采取的安全措施,disater_repair_guardian_uid,varchar,YES,,灾后抢修专责监护人id
sp_pd_wticket_saftymeasures,工作票-工作应采取的安全措施,optimistic_lock_version,varchar,YES,,乐观锁版本
sp_pd_wticket_saftymeasures,工作票-工作应采取的安全措施,work_way,longtext,YES,,工作方式或工作环境(新安规添加)
sp_pd_wticket_saftymeasures,工作票-工作应采取的安全措施,required_safty,longtext,YES,,工作要求的安全措施：变电第三种工作票业务表单-工作要求的安全措施-字符型 工作条件及运行方式要求： 配电带电作业工作票
sp_pd_wticket_saftymeasures,工作票-工作应采取的安全措施,repair_control_uname,varchar,YES,,抢修任务布置人名称
sp_pd_wticket_saftymeasures,工作票-工作应采取的安全措施,per_pull_switch,longtext,YES,,（许可人填写）应拉开的隔离开关（刀闸）（双重名称或编号）
sp_pd_wticket_saftymeasures,工作票-工作应采取的安全措施,pull_breaker,longtext,YES,,应拉断路器（开关）：变1、配1票业务表单-应拉断路器（开关）
sp_pd_wticket_saftymeasures,工作票-工作应采取的安全措施,work_condition,longtext,YES,,工作条件及运行方式要求：配电作业工作单
sp_pd_wticket_saftymeasures,工作票-工作应采取的安全措施,close_switch_earthwire,longtext,YES,,应合接地开关、装接地线：线1工作票业务表单-应合接地开关、装接地线
sp_pd_wticket_saftymeasures,工作票-工作应采取的安全措施,whether_load_adjustment,varchar,YES,,是否关联低压负荷调整单（低压配网票）：1：是，2：否
sp_pd_wticket_saftymeasures,工作票-工作应采取的安全措施,wticket_id,varchar,YES,,工作票ID
sp_pd_wticket_saftymeasures,工作票-工作应采取的安全措施,earthwire_count,varchar,YES,,应设地线数(现场安全措施)：配1（现场安全措施）工作票业务表单-应设地线数
sp_pd_wticket_saftymeasures,工作票-工作应采取的安全措施,other_care,longtext,YES,,其他安全注意事项：线1、配1工作票业务表单-其他安全注意事项
sp_pd_wticket_saftymeasures,工作票-工作应采取的安全措施,switch_earthwire_insulation,longtext,YES,,应合接地开关、装设接地线、应设绝缘挡板：变1、配1工作票业务表单-应合接地开关、装设接地线、应设绝缘挡板
sp_pd_wticket_saftymeasures,工作票-工作应采取的安全措施,job_location,longtext,YES,,作业地点
sp_pd_wticket_saftymeasures,工作票-工作应采取的安全措施,highp_device_state,longtext,YES,,相关高压设备状态：变电第二种工作票业务表单-相关高压设备状态
sp_saf_acc_device_fault_info,设备故障情况,id,varchar,NO,PRI,主键ID
sp_saf_acc_device_fault_info,设备故障情况,two_device_classify,varchar,YES,,二级设备分类：根据设备编号自动选取
sp_saf_acc_device_fault_info,设备故障情况,two_device_code,varchar,YES,,二级设备编码
sp_saf_acc_device_fault_info,设备故障情况,device_classify_full_path,varchar,YES,,设备分类全路径
sp_saf_acc_device_fault_info,设备故障情况,three_device_classify,varchar,YES,,三级设备分类：根据设备编号自动选取
sp_saf_acc_device_fault_info,设备故障情况,three_device_code,varchar,YES,,三级设备编码
sp_saf_acc_device_fault_info,设备故障情况,device_type,varchar,YES,,设备型号，手动录入
sp_saf_acc_device_fault_info,设备故障情况,accident_report_id,varchar,YES,,事故（事件）报表主键
sp_saf_acc_device_fault_info,设备故障情况,province_code,varchar,YES,,省编码
sp_saf_acc_device_fault_info,设备故障情况,fault_type_name,varchar,YES,,设备故障技术分类内容
sp_saf_acc_device_fault_info,设备故障情况,propertty_unit_oname,varchar,YES,,产权单位名称
sp_saf_acc_device_fault_info,设备故障情况,device_manufacturer_oname,varchar,YES,,设备的生产厂家名称
sp_saf_acc_device_fault_info,设备故障情况,net_value,varchar,YES,,设备净值
sp_saf_acc_device_fault_info,设备故障情况,error_type,varchar,YES,,错误类型：10:软件/硬件故障、20:原理错误、30:保护/压板漏投、40:压板错投等
sp_saf_acc_device_fault_info,设备故障情况,creator_uid,varchar,YES,,创建人ID
sp_saf_acc_device_fault_info,设备故障情况,patrol_review_date,datetime,YES,,巡视检查最近时间
sp_saf_acc_device_fault_info,设备故障情况,station_name,varchar,YES,,站/线名称
sp_saf_acc_device_fault_info,设备故障情况,periodic_review_type,varchar,YES,,预示定检类型
sp_saf_acc_device_fault_info,设备故障情况,device_defect_info,varchar,YES,,设备缺陷内容
sp_saf_acc_device_fault_info,设备故障情况,device_id,varchar,YES,,设备ID
sp_saf_acc_device_fault_info,设备故障情况,original_value,varchar,YES,,设备原值
sp_saf_acc_device_fault_info,设备故障情况,patrol_review_type,varchar,YES,,巡视检查类型
sp_saf_acc_device_fault_info,设备故障情况,create_time,datetime,YES,,创建时间
sp_saf_acc_device_fault_info,设备故障情况,create_dept_oname,varchar,YES,,创建人所在部门名称
sp_saf_acc_device_fault_info,设备故障情况,periodic_review_date,datetime,YES,,预示定检最近时间
sp_saf_acc_device_fault_info,设备故障情况,station_id,varchar,YES,,站/线ID
sp_saf_acc_device_fault_info,设备故障情况,device_manufacturer_oid,varchar,YES,,设备的生产厂家ID
sp_saf_acc_device_fault_info,设备故障情况,bureau_code,varchar,YES,,局编码
sp_saf_acc_device_fault_info,设备故障情况,create_dept_oid,varchar,YES,,创建人所在部门ID
sp_saf_acc_device_fault_info,设备故障情况,repair_code,varchar,YES,,检修维护编号
sp_saf_acc_device_fault_info,设备故障情况,volume,varchar,YES,,"容量,手动录入(t/h;MW;MVA)"
sp_saf_acc_device_fault_info,设备故障情况,voltage_grade,varchar,YES,,电压等级：10:0.4KV、20:6KV、30:10KV、40:35KV等
sp_saf_acc_device_fault_info,设备故障情况,device_code,varchar,YES,,设备编号
sp_saf_acc_device_fault_info,设备故障情况,one_device_classify,varchar,YES,,一级设备分类：根据设备编号自动选取
sp_saf_acc_device_fault_info,设备故障情况,propertty_unit_oid,varchar,YES,,产权单位ID
sp_saf_acc_device_fault_info,设备故障情况,update_uid,varchar,YES,,更新人员ID
sp_saf_acc_device_fault_info,设备故障情况,device_defect_date,datetime,YES,,缺陷发现时间
sp_saf_acc_device_fault_info,设备故障情况,update_dept_oid,varchar,YES,,更新人员所在部门ID
sp_saf_acc_device_fault_info,设备故障情况,update_dept_oname,varchar,YES,,更新人员所在部门名称
sp_saf_acc_device_fault_info,设备故障情况,data_from,varchar,YES,,数据来源
sp_saf_acc_device_fault_info,设备故障情况,device_name,varchar,YES,,设备名称
sp_saf_acc_device_fault_info,设备故障情况,update_time,datetime,YES,,更新时间
sp_saf_acc_device_fault_info,设备故障情况,one_device_code,varchar,YES,,一级设备编码
sp_saf_acc_device_fault_info,设备故障情况,extent_of_damage,varchar,YES,,设备的损坏程度：10:报废、20:更换、30:维修、40:修复、50:倾斜、60:变形等
sp_saf_acc_device_fault_info,设备故障情况,repair_date,datetime,YES,,检修维护最近时间
sp_saf_acc_device_fault_info,设备故障情况,optimistic_lock_version,varchar,YES,,乐观锁版本
sp_saf_acc_device_fault_info,设备故障情况,repair_type,varchar,YES,,检修维护类型
sp_saf_acc_device_fault_info,设备故障情况,run_status,varchar,YES,,运行状态：1:投入、2:退出
sp_saf_acc_device_fault_info,设备故障情况,patrol_review_code,varchar,YES,,巡视检查编号
sp_saf_acc_device_fault_info,设备故障情况,periodic_review_code,varchar,YES,,预示定检编号
sp_saf_acc_device_fault_info,设备故障情况,four_device_classify,varchar,YES,,四级设备分类：根据设备编号自动选取
sp_saf_acc_device_fault_info,设备故障情况,fault_type_code,varchar,YES,,设备故障技术分类：10:电气设备过热、20:电气过电压、30:电气绝缘故障等
sp_saf_acc_device_fault_info,设备故障情况,create_uname,varchar,YES,,创建人名称
sp_saf_acc_device_fault_info,设备故障情况,update_uname,varchar,YES,,更新人员名称
sp_saf_acc_device_fault_info,设备故障情况,produce_date,datetime,YES,,生产日期
sp_saf_acc_device_fault_info,设备故障情况,four_device_code,varchar,YES,,四级设备编码
sp_saf_acc_device_fault_info,设备故障情况,run_date,datetime,YES,,投产日期
sp_saf_acc_relate_depart,事故事件有关单位,id,varchar,NO,PRI,主键ID
sp_saf_acc_relate_depart,事故事件有关单位,second_res_dept_oname,longtext,YES,,事故事件次要责任单位名称
sp_saf_acc_relate_depart,事故事件有关单位,construction_dept_oname,varchar,YES,,建设单位名称
sp_saf_acc_relate_depart,事故事件有关单位,bureau_id,varchar,YES,,地市级单位ID
sp_saf_acc_relate_depart,事故事件有关单位,supervision_dept_oname,varchar,YES,,监理单位名称
sp_saf_acc_relate_depart,事故事件有关单位,project_name,varchar,YES,,工程项目名称
sp_saf_acc_relate_depart,事故事件有关单位,province_code,varchar,YES,,省编码
sp_saf_acc_relate_depart,事故事件有关单位,accident_report_id,varchar,YES,,事故（事件）报表主键
sp_saf_acc_relate_depart,事故事件有关单位,supervision_unit_id,varchar,YES,,监理单位ID
sp_saf_acc_relate_depart,事故事件有关单位,bureau_name,longtext,YES,,地市级单位名称
sp_saf_acc_relate_depart,事故事件有关单位,main_res_unit_oname,varchar,YES,,主要责任单位（外部）
sp_saf_acc_relate_depart,事故事件有关单位,county_id,varchar,YES,,县级供电企业ID
sp_saf_acc_relate_depart,事故事件有关单位,project_id,varchar,YES,,项目ID
sp_saf_acc_relate_depart,事故事件有关单位,supervision_type,varchar,YES,,监理单位类型（0：内部，1：外部）
sp_saf_acc_relate_depart,事故事件有关单位,name_of_constr_unit,varchar,YES,,建设单位名称
sp_saf_acc_relate_depart,事故事件有关单位,creator_uid,varchar,YES,,创建人ID
sp_saf_acc_relate_depart,事故事件有关单位,unit_type_oth,varchar,YES,,其他涉及责任单位类型（0：内部 1： 外部）
sp_saf_acc_relate_depart,事故事件有关单位,station_name,longtext,YES,,所级单位名称
sp_saf_acc_relate_depart,事故事件有关单位,construction_dept_oid,varchar,YES,,建设单位ID
sp_saf_acc_relate_depart,事故事件有关单位,standard_level,varchar,YES,,达标（10：一级；20：二级；30：三级；40：四级）
sp_saf_acc_relate_depart,事故事件有关单位,create_time,datetime,YES,,创建时间
sp_saf_acc_relate_depart,事故事件有关单位,supervision_dept_oid,varchar,YES,,监理单位ID
sp_saf_acc_relate_depart,事故事件有关单位,create_dept_oname,varchar,YES,,创建人所在部门名称
sp_saf_acc_relate_depart,事故事件有关单位,superv_unit_name,varchar,YES,,监理单位名称
sp_saf_acc_relate_depart,事故事件有关单位,station_id,varchar,YES,,所级单位ID
sp_saf_acc_relate_depart,事故事件有关单位,bureau_code,varchar,YES,,局编码
sp_saf_acc_relate_depart,事故事件有关单位,project_code,varchar,YES,,项目编码
sp_saf_acc_relate_depart,事故事件有关单位,create_dept_oid,varchar,YES,,创建人所在部门ID
sp_saf_acc_relate_depart,事故事件有关单位,design_type,varchar,YES,,设计单位类型（0：内部，1：外部）
sp_saf_acc_relate_depart,事故事件有关单位,subcompany_oname,longtext,YES,,公司直属机构或分、子公司名称
sp_saf_acc_relate_depart,事故事件有关单位,execution_dept_oname_oth,longtext,YES,,施工单位名称（外部）
sp_saf_acc_relate_depart,事故事件有关单位,update_uid,varchar,YES,,更新人员ID
sp_saf_acc_relate_depart,事故事件有关单位,org_code,varchar,YES,,单位编码
sp_saf_acc_relate_depart,事故事件有关单位,second_res_dept_oid,varchar,YES,,事故事件次要责任单位ID
sp_saf_acc_relate_depart,事故事件有关单位,update_dept_oid,varchar,YES,,更新人员所在部门ID
sp_saf_acc_relate_depart,事故事件有关单位,unit_type_sec,varchar,YES,,次要责任单位类型（0：内部 1：外部）
sp_saf_acc_relate_depart,事故事件有关单位,design_dept_oname_oth,longtext,YES,,设计单位名称（外部）
sp_saf_acc_relate_depart,事故事件有关单位,diamond_level,varchar,YES,,钻级（10：一级；20：二级；30：三级；40：四级；50：五级）
sp_saf_acc_relate_depart,事故事件有关单位,unit_type,varchar,YES,,单位类型（0：内部，1：外部）
sp_saf_acc_relate_depart,事故事件有关单位,update_dept_oname,varchar,YES,,更新人员所在部门名称
sp_saf_acc_relate_depart,事故事件有关单位,data_from,varchar,YES,,数据来源
sp_saf_acc_relate_depart,事故事件有关单位,update_time,datetime,YES,,更新时间
sp_saf_acc_relate_depart,事故事件有关单位,namefullpath_of_second,longtext,YES,,事故事件次要责任单位全路径
sp_saf_acc_relate_depart,事故事件有关单位,execution_dept_oid,varchar,YES,,施工单位ID
sp_saf_acc_relate_depart,事故事件有关单位,optimistic_lock_version,varchar,YES,,乐观锁版本
sp_saf_acc_relate_depart,事故事件有关单位,accident_other_unit_oname,varchar,YES,,事故涉及其他单位类型名称（外部）
sp_saf_acc_relate_depart,事故事件有关单位,supervision_dept_oname_oth,longtext,YES,,监理单位名称（外部）
sp_saf_acc_relate_depart,事故事件有关单位,execution_type,varchar,YES,,施工单位类型（0：内部，1：外部）
sp_saf_acc_relate_depart,事故事件有关单位,main_res_dept_oid,varchar,YES,,事故事件主要责任单位ID
sp_saf_acc_relate_depart,事故事件有关单位,construction_oname_oth,longtext,YES,,建设单位名称（外部）
sp_saf_acc_relate_depart,事故事件有关单位,second_res_unit_oname,varchar,YES,,次要责任单位（外部）
sp_saf_acc_relate_depart,事故事件有关单位,accident_other_dept_oid,varchar,YES,,事故涉及其他单位ID
sp_saf_acc_relate_depart,事故事件有关单位,design_dept_oname,longtext,YES,,设计单位名称
sp_saf_acc_relate_depart,事故事件有关单位,county_name,longtext,YES,,县级供电企业名称
sp_saf_acc_relate_depart,事故事件有关单位,create_uname,varchar,YES,,创建人名称
sp_saf_acc_relate_depart,事故事件有关单位,namefullpath_of_main,longtext,YES,,事故事件主要责任单位全路径
sp_saf_acc_relate_depart,事故事件有关单位,main_res_dept_oname,longtext,YES,,事故事件主要责任单位名称
sp_saf_acc_relate_depart,事故事件有关单位,design_dept_oid,varchar,YES,,设计单位ID
sp_saf_acc_relate_depart,事故事件有关单位,relate_state,varchar,YES,,关联状态
sp_saf_acc_relate_depart,事故事件有关单位,construction_type,varchar,YES,,建设单位类型（0：内部，1：外部）
sp_saf_acc_relate_depart,事故事件有关单位,update_uname,varchar,YES,,更新人员名称
sp_saf_acc_relate_depart,事故事件有关单位,subcompany_oid,varchar,YES,,公司直属机构或分、子公司ID
sp_saf_acc_relate_depart,事故事件有关单位,accident_other_dept_oname,longtext,YES,,事故涉及其他单位名称
sp_saf_acc_relate_depart,事故事件有关单位,execution_dept_oname,longtext,YES,,施工单位名称
sp_saf_accident_affection,事故事件影响,id,varchar,NO,PRI,主键ID
sp_saf_accident_affection,事故事件影响,update_dept_oid,varchar,YES,,更新人员所在部门ID
sp_saf_accident_affection,事故事件影响,station_not_all_stop_35,varchar,YES,,变电站（换流站）35kV非全停（座）
sp_saf_accident_affection,事故事件影响,station_not_all_stop_800,varchar,YES,,变电站（换流站）800kV非全停（座）
sp_saf_accident_affection,事故事件影响,stoped_draw_machine_group,varchar,YES,,不能按要求抽水机组合数（台）
sp_saf_accident_affection,事故事件影响,lower_min,varchar,YES,,持续时间，手动录入（分钟）
sp_saf_accident_affection,事故事件影响,monitoring_point_voltage,varchar,YES,,
sp_saf_accident_affection,事故事件影响,station_all_stop_220,varchar,YES,,变电站（换流站）220kV全停（座）
sp_saf_accident_affection,事故事件影响,accident_report_id,varchar,YES,,事故（事件）报表主键
sp_saf_accident_affection,事故事件影响,province_code,varchar,YES,,省编码
sp_saf_accident_affection,事故事件影响,data_from,varchar,YES,,数据来源
sp_saf_accident_affection,事故事件影响,update_dept_oname,varchar,YES,,更新人员所在部门名称
sp_saf_accident_affection,事故事件影响,update_time,datetime,YES,,更新时间
sp_saf_accident_affection,事故事件影响,lower_voltage_curve_scale,varchar,YES,,低于电压曲线值的比例(%)，手工录入
sp_saf_accident_affection,事故事件影响,optimistic_lock_version,varchar,YES,,乐观锁版本
sp_saf_accident_affection,事故事件影响,creator_uid,varchar,YES,,创建人ID
sp_saf_accident_affection,事故事件影响,noplan_srop,varchar,YES,,非计划停运机组数（台）
sp_saf_accident_affection,事故事件影响,station_not_all_stop_500,varchar,YES,,变电站（换流站）500kV非全停（座）
sp_saf_accident_affection,事故事件影响,reduce_power,varchar,YES,,一次故障减出力（MW）
sp_saf_accident_affection,事故事件影响,station_not_all_stop_220,varchar,YES,,变电站（换流站）220kV非全停（座）
sp_saf_accident_affection,事故事件影响,create_time,datetime,YES,,创建时间
sp_saf_accident_affection,事故事件影响,create_dept_oname,varchar,YES,,创建人所在部门名称
sp_saf_accident_affection,事故事件影响,bureau_code,varchar,YES,,局编码
sp_saf_accident_affection,事故事件影响,create_dept_oid,varchar,YES,,创建人所在部门ID
sp_saf_accident_affection,事故事件影响,station_all_stop_35,varchar,YES,,变电站（换流站）36kV全停（座）
sp_saf_accident_affection,事故事件影响,station_all_stop_110,varchar,YES,,变电站（换流站）110kV全停（座）
sp_saf_accident_affection,事故事件影响,create_uname,varchar,YES,,创建人名称
sp_saf_accident_affection,事故事件影响,shutting_hour,varchar,YES,,闭锁时长（h）
sp_saf_accident_affection,事故事件影响,station_all_stop_500,varchar,YES,,变电站（换流站）500kV全停（座）
sp_saf_accident_affection,事故事件影响,update_uname,varchar,YES,,更新人员名称
sp_saf_accident_affection,事故事件影响,station_all_stop_800,varchar,YES,,变电站（换流站）800kV全停（座）
sp_saf_accident_affection,事故事件影响,reduce_power_over_40,varchar,YES,,闭锁类型或降功率40%以上
sp_saf_accident_affection,事故事件影响,update_uid,varchar,YES,,更新人员ID
sp_saf_accident_affection,事故事件影响,station_not_all_stop_110,varchar,YES,,变电站（换流站）110kV非全停（座）
sp_saf_accident_dispose,事故事件整改处理,id,varchar,NO,PRI,主键ID
sp_saf_accident_dispose,事故事件整改处理,acceptance_dept_oname,longtext,YES,,验收人单位部门名称
sp_saf_accident_dispose,事故事件整改处理,province_code,varchar,YES,,省编码
sp_saf_accident_dispose,事故事件整改处理,accident_report_id,varchar,YES,,事故（事件）报表主键
sp_saf_accident_dispose,事故事件整改处理,origin_finish_rectify_date,datetime,YES,,原计划完成时间
sp_saf_accident_dispose,事故事件整改处理,is_correct,varchar,YES,,关联纠正与预防标识枚举值：1、关联，2、未关联
sp_saf_accident_dispose,事故事件整改处理,second_wind_drection_info,longtext,YES,,二级验收人意见
sp_saf_accident_dispose,事故事件整改处理,data_belong_unit_oname,varchar,YES,,数据归口单位
sp_saf_accident_dispose,事故事件整改处理,delay_finish_rectify_date,datetime,YES,,申请延期时间
sp_saf_accident_dispose,事故事件整改处理,creator_uid,varchar,YES,,创建人ID
sp_saf_accident_dispose,事故事件整改处理,exposed_problem_id,varchar,YES,,暴露问题ID
sp_saf_accident_dispose,事故事件整改处理,acceptance_person_uname,longtext,YES,,验收人名称
sp_saf_accident_dispose,事故事件整改处理,enforcement_dept_oid,varchar,YES,,实施部门ID
sp_saf_accident_dispose,事故事件整改处理,acceptance_person_uid,varchar,YES,,验收人ID
sp_saf_accident_dispose,事故事件整改处理,enforcement_unit_oid,varchar,YES,,实施单位ID
sp_saf_accident_dispose,事故事件整改处理,create_time,datetime,YES,,创建时间
sp_saf_accident_dispose,事故事件整改处理,create_dept_oname,varchar,YES,,创建人所在部门名称
sp_saf_accident_dispose,事故事件整改处理,bureau_code,varchar,YES,,局编码
sp_saf_accident_dispose,事故事件整改处理,res_person_uname,longtext,YES,,责任人名称
sp_saf_accident_dispose,事故事件整改处理,complete_status,varchar,YES,,完成状态：1：已完成，2：未完成
sp_saf_accident_dispose,事故事件整改处理,create_dept_oid,varchar,YES,,创建人所在部门ID
sp_saf_accident_dispose,事故事件整改处理,delay_reason,longtext,YES,,延期原因
sp_saf_accident_dispose,事故事件整改处理,rectify_dept_oid,varchar,YES,,整改部门ID
sp_saf_accident_dispose,事故事件整改处理,second_acceptance_dept_oname,longtext,YES,,二级验收人单位部门名称
sp_saf_accident_dispose,事故事件整改处理,finish_rectify_date,datetime,YES,,计划完成时间
sp_saf_accident_dispose,事故事件整改处理,finish_rectify_info,longtext,YES,,完成情况
sp_saf_accident_dispose,事故事件整改处理,flow_state,varchar,YES,,流程状态
sp_saf_accident_dispose,事故事件整改处理,deadline_date,datetime,YES,,实际完成时间
sp_saf_accident_dispose,事故事件整改处理,data_belong_unit_ocode,varchar,YES,,数据归口单位编码
sp_saf_accident_dispose,事故事件整改处理,acceptance_time,datetime,YES,,验收时间
sp_saf_accident_dispose,事故事件整改处理,second_acceptance_person_uid,varchar,YES,,二级验收人ID
sp_saf_accident_dispose,事故事件整改处理,update_uid,varchar,YES,,更新人员ID
sp_saf_accident_dispose,事故事件整改处理,is_delay,varchar,YES,,是否延期 1：是，2：否
sp_saf_accident_dispose,事故事件整改处理,wind_drection_info,longtext,YES,,风险对比情况
sp_saf_accident_dispose,事故事件整改处理,date_from,varchar,YES,,
sp_saf_accident_dispose,事故事件整改处理,update_dept_oid,varchar,YES,,更新人员所在部门ID
sp_saf_accident_dispose,事故事件整改处理,acceptance_dept_oid,varchar,YES,,验收人单位部门ID
sp_saf_accident_dispose,事故事件整改处理,rectify_dept_oname,varchar,YES,,整改部门
sp_saf_accident_dispose,事故事件整改处理,process_ins_id,varchar,YES,,流程实例id
sp_saf_accident_dispose,事故事件整改处理,is_new_power,varchar,YES,,是否新电力
sp_saf_accident_dispose,事故事件整改处理,enforcement_dept_oname,longtext,YES,,实施部门
sp_saf_accident_dispose,事故事件整改处理,unit_orgcode,varchar,YES,,责任单位编码
sp_saf_accident_dispose,事故事件整改处理,update_dept_oname,varchar,YES,,更新人员所在部门名称
sp_saf_accident_dispose,事故事件整改处理,update_time,datetime,YES,,更新时间
sp_saf_accident_dispose,事故事件整改处理,optimistic_lock_version,varchar,YES,,乐观锁版本
sp_saf_accident_dispose,事故事件整改处理,implement_depart,longtext,YES,,实施部门
sp_saf_accident_dispose,事故事件整改处理,delay_approval_comments,longtext,YES,,延期审批意见
sp_saf_accident_dispose,事故事件整改处理,second_acceptance_time,datetime,YES,,二级验收时间
sp_saf_accident_dispose,事故事件整改处理,second_acceptance_dept_oid,varchar,YES,,二级验收人单位部门ID
sp_saf_accident_dispose,事故事件整改处理,enforcement_unit_oname,varchar,YES,,实施单位名称
sp_saf_accident_dispose,事故事件整改处理,create_uname,varchar,YES,,创建人名称
sp_saf_accident_dispose,事故事件整改处理,is_finished,varchar,YES,,是否已经完成枚举值：是、否
sp_saf_accident_dispose,事故事件整改处理,correct_id,varchar,YES,,纠正与预防ID
sp_saf_accident_dispose,事故事件整改处理,update_uname,varchar,YES,,更新人员名称
sp_saf_accident_dispose,事故事件整改处理,info_premeas,longtext,YES,,防范措施
sp_saf_accident_dispose,事故事件整改处理,second_acceptance_person_uname,longtext,YES,,二级验收人名称
sp_saf_accident_dispose,事故事件整改处理,res_person_uid,varchar,YES,,责任人ID
sp_saf_accident_measures,事故事件整改措施,id,varchar,NO,PRI,主键ID
sp_saf_accident_measures,事故事件整改措施,update_dept_oid,varchar,YES,,更新人员所在部门ID
sp_saf_accident_measures,事故事件整改措施,province_code,varchar,YES,,省编码
sp_saf_accident_measures,事故事件整改措施,update_dept_oname,varchar,YES,,更新人员所在部门
sp_saf_accident_measures,事故事件整改措施,data_from,varchar,YES,,数据来源
sp_saf_accident_measures,事故事件整改措施,update_time,datetime,YES,,更新时间
sp_saf_accident_measures,事故事件整改措施,optimistic_lock_version,varchar,YES,,乐观锁版本
sp_saf_accident_measures,事故事件整改措施,creator_uid,varchar,YES,,创建人ID
sp_saf_accident_measures,事故事件整改措施,create_time,datetime,YES,,创建时间
sp_saf_accident_measures,事故事件整改措施,create_dept_oname,varchar,YES,,创建人所在部门名称
sp_saf_accident_measures,事故事件整改措施,bureau_code,varchar,YES,,局编码
sp_saf_accident_measures,事故事件整改措施,res_person_uname,varchar,YES,,所属责任人名称
sp_saf_accident_measures,事故事件整改措施,complete_status,varchar,YES,,完成状态：1：已完成，2：未完成
sp_saf_accident_measures,事故事件整改措施,create_dept_oid,varchar,YES,,创建人所在部门ID
sp_saf_accident_measures,事故事件整改措施,dispose_id,varchar,YES,,整改处理表主键ID
sp_saf_accident_measures,事故事件整改措施,res_dept_oname,varchar,YES,,所属责任人部门名称
sp_saf_accident_measures,事故事件整改措施,updator_id,varchar,YES,,修改人ID
sp_saf_accident_measures,事故事件整改措施,create_uname,varchar,YES,,创建人
sp_saf_accident_measures,事故事件整改措施,update_uname,varchar,YES,,更新人员
sp_saf_accident_measures,事故事件整改措施,finish_rectify_info,longtext,YES,,完成情况
sp_saf_accident_measures,事故事件整改措施,deadline_date,datetime,YES,,实际完成时间
sp_saf_accident_measures,事故事件整改措施,creator_id,varchar,YES,,创建人ID
sp_saf_accident_measures,事故事件整改措施,update_uid,varchar,YES,,更新人员ID
sp_saf_accident_measures,事故事件整改措施,atm_id,varchar,YES,,附件ID
sp_saf_accident_measures,事故事件整改措施,res_person_uid,varchar,YES,,所属责任人ID
sp_saf_accident_measures,事故事件整改措施,res_dept_oid,varchar,YES,,所属责任人部门ID
sp_saf_accident_reason,事故事件原因,id,varchar,YES,,主键ID
sp_saf_accident_reason,事故事件原因,update_dept_oid,varchar,YES,,更新人员所在部门ID
sp_saf_accident_reason,事故事件原因,accident_reason_three_code,varchar,YES,,三级原因编号
sp_saf_accident_reason,事故事件原因,province_code,varchar,YES,,省编码
sp_saf_accident_reason,事故事件原因,accident_report_id,varchar,YES,,事故（事件）报表主键
sp_saf_accident_reason,事故事件原因,data_from,varchar,YES,,数据来源
sp_saf_accident_reason,事故事件原因,update_dept_oname,varchar,YES,,更新人员所在部门名称
sp_saf_accident_reason,事故事件原因,classify_reason_two_code,varchar,YES,,归类二级原因编号
sp_saf_accident_reason,事故事件原因,accident_reason,varchar,YES,,原因内容
sp_saf_accident_reason,事故事件原因,classify_reason_two,varchar,YES,,归类二级原因内容
sp_saf_accident_reason,事故事件原因,update_time,datetime,YES,,更新时间
sp_saf_accident_reason,事故事件原因,optimistic_lock_version,varchar,YES,,乐观锁版本
sp_saf_accident_reason,事故事件原因,creator_uid,varchar,YES,,创建人ID
sp_saf_accident_reason,事故事件原因,accident_reason_one_code,varchar,YES,,一级原因编号
sp_saf_accident_reason,事故事件原因,accident_reason_four,varchar,YES,,四级原因内容
sp_saf_accident_reason,事故事件原因,classify_reason_one_code,varchar,YES,,归类一级原因编号
sp_saf_accident_reason,事故事件原因,create_time,datetime,YES,,创建时间
sp_saf_accident_reason,事故事件原因,create_dept_oname,varchar,YES,,创建人所在部门名称
sp_saf_accident_reason,事故事件原因,bureau_code,varchar,YES,,局编码
sp_saf_accident_reason,事故事件原因,accident_reason_three,varchar,YES,,三级原因内容
sp_saf_accident_reason,事故事件原因,create_dept_oid,varchar,YES,,创建人所在部门ID
sp_saf_accident_reason,事故事件原因,create_uname,varchar,YES,,创建人名称
sp_saf_accident_reason,事故事件原因,accident_reason_one,varchar,YES,,一级原因内容
sp_saf_accident_reason,事故事件原因,accident_reason_four_code,varchar,YES,,四级原因编号
sp_saf_accident_reason,事故事件原因,update_uname,varchar,YES,,更新人员名称
sp_saf_accident_reason,事故事件原因,accident_reason_two_code,varchar,YES,,二级原因编号
sp_saf_accident_reason,事故事件原因,accident_reason_type,varchar,YES,,事故（事件）原因类别：10：直接原因，20：间接原因，30：管理原因、40：监管机构原因
sp_saf_accident_reason,事故事件原因,accident_reason_two,varchar,YES,,二级原因内容
sp_saf_accident_reason,事故事件原因,update_uid,varchar,YES,,更新人员ID
sp_saf_accident_reason,事故事件原因,classify_reason_one,varchar,YES,,归类一级原因内容
sp_saf_accident_reason,事故事件原因,accident_reason_level,varchar,YES,,原因级别（10：一级；20：二级；30：三级；40：四级）
sp_saf_accident_report,事故事件报表,id,varchar,NO,PRI,主键ID
sp_saf_accident_report,事故事件报表,is_merger,varchar,YES,,是否合并：0：合并，1：未合并
sp_saf_accident_report,事故事件报表,fill_uid,varchar,YES,,填报人ID
sp_saf_accident_report,事故事件报表,accident_one_type,varchar,YES,,事故（事件）一级分类：事故事件类别（10：人身事故；20：电网事故；30：设备事故；40：误操作事故）
sp_saf_accident_report,事故事件报表,province_code,varchar,YES,,省编码
sp_saf_accident_report,事故事件报表,accident_duty_type_name,varchar,YES,,事故（事件）责任分类内容
sp_saf_accident_report,事故事件报表,data_belong_unit_oname,varchar,YES,,数据归口单位
sp_saf_accident_report,事故事件报表,creator_uid,varchar,YES,,创建人ID
sp_saf_accident_report,事故事件报表,save_flag,varchar,YES,,保存判断（0：否，1：是）
sp_saf_accident_report,事故事件报表,accident_duty_type,varchar,YES,,事故（事件）责任分类枚举值：10：本单位过失、20：系统内其他单位过失、30：外系统单位及人员过失、40：其他
sp_saf_accident_report,事故事件报表,fill_date,datetime,YES,,填报时间
sp_saf_accident_report,事故事件报表,accident_type,varchar,YES,,事故事件类型（01: 电力人身事故、02：电力设备事故、03：电力安全事故、04：电力人身事件、05：电力设备事件、06：电力安全事件）
sp_saf_accident_report,事故事件报表,rank_clause_code,varchar,YES,,定级条款编号
sp_saf_accident_report,事故事件报表,create_time,datetime,YES,,创建时间
sp_saf_accident_report,事故事件报表,create_dept_oname,varchar,YES,,创建人所在部门名称
sp_saf_accident_report,事故事件报表,rel_affection_id,varchar,YES,,报表影响ID
sp_saf_accident_report,事故事件报表,accident_phenomena,varchar,YES,,气象条件（填报手册）事件发生时现场的气象条件枚举值：晴、阴、多云、小雨、中雨、大雨、暴雨、雷阵雨等
sp_saf_accident_report,事故事件报表,bureau_code,varchar,YES,,局编码
sp_saf_accident_report,事故事件报表,report_type,varchar,YES,,报表类别（01：事故报告；02：事件报告）
sp_saf_accident_report,事故事件报表,create_dept_oid,varchar,YES,,创建人所在部门ID
sp_saf_accident_report,事故事件报表,accident_adscription_type_name,varchar,YES,,
sp_saf_accident_report,事故事件报表,accident_happ_time,datetime,YES,,事故发生时间
sp_saf_accident_report,事故事件报表,flow_state,varchar,YES,,记录工作流的状态（0：未上报 1：流程中 2：流程结束）
sp_saf_accident_report,事故事件报表,archive_status,varchar,YES,,归档状态：1：未归档 ，2：已归档
sp_saf_accident_report,事故事件报表,fill_unit_oname,varchar,YES,,填报单位名称
sp_saf_accident_report,事故事件报表,is_focus,varchar,YES,,是否关注：0：未关注，1关注
sp_saf_accident_report,事故事件报表,data_belong_unit_ocode,varchar,YES,,数据归口单位编码
sp_saf_accident_report,事故事件报表,update_uid,varchar,YES,,更新人员ID
sp_saf_accident_report,事故事件报表,name_full_path,varchar,YES,,全路径
sp_saf_accident_report,事故事件报表,accident_report_name,varchar,YES,,
sp_saf_accident_report,事故事件报表,update_dept_oid,varchar,YES,,更新人员所在部门ID
sp_saf_accident_report,事故事件报表,is_interupt_record,varchar,YES,,是否中断安全记录（10：是；20：否）
sp_saf_accident_report,事故事件报表,process_ins_id,varchar,YES,,主要用于记录流程实例的ID
sp_saf_accident_report,事故事件报表,accident_adscription,varchar,YES,,事故事件归属（10：安全生产；20：基建；30：用电；40：农电；50：外包工程；60：交通；70：火灾；80：其他）
sp_saf_accident_report,事故事件报表,rel_fault_id,varchar,YES,,报表其他处理ID
sp_saf_accident_report,事故事件报表,rank_clause_name,varchar,YES,,定级条款内容
sp_saf_accident_report,事故事件报表,is_new_power,varchar,YES,,是否新电力（1：是，2：否）
sp_saf_accident_report,事故事件报表,fill_unit_oid,varchar,YES,,填报单位ID
sp_saf_accident_report,事故事件报表,accident_two_type,varchar,YES,,事故（事件）二级分类：人身事故（10：触电；11：高处坠落，12：物体打击，13：机械伤害；14：淹溺，15：灼烫伤；16:火灾；17：坍塌；18：中毒；19：爆炸；20：道路交通；21：其他）；电网
sp_saf_accident_report,事故事件报表,update_dept_oname,varchar,YES,,更新人员所在部门名称
sp_saf_accident_report,事故事件报表,data_from,varchar,YES,,数据来源
sp_saf_accident_report,事故事件报表,accident_status,varchar,YES,,业务状态（0：未上报 1：流程中 2：流程结束 3：初报）
sp_saf_accident_report,事故事件报表,update_time,datetime,YES,,数据更新时间
sp_saf_accident_report,事故事件报表,short_title,longtext,YES,,事故（事件）简题
sp_saf_accident_report,事故事件报表,optimistic_lock_version,varchar,YES,,乐观锁版本
sp_saf_accident_report,事故事件报表,accident_code,varchar,YES,,事故事件编号
sp_saf_accident_report,事故事件报表,rel_depart_id,varchar,YES,,报表其他单位ID
sp_saf_accident_report,事故事件报表,is_send,varchar,YES,,是否发送：0：不可以；1：可以
sp_saf_accident_report,事故事件报表,accident_end_date,datetime,YES,,事故事件终止时间
sp_saf_accident_report,事故事件报表,accident_one_type_name,varchar,YES,,事故（事件）一级分类内容
sp_saf_accident_report,事故事件报表,accident_level,varchar,YES,,事故事件等级（01: 特别重大、02：重大事故、03：较大事故、04：一般事故、05：一级事件、06：二级事件、07：三级事件、08：四级事件、09：五级事件、10：六级事件、11：七级事件、12：八级事件、13：安健环事件）
sp_saf_accident_report,事故事件报表,is_ajh,varchar,YES,,安健环：1：是，2：否
sp_saf_accident_report,事故事件报表,immediate_report_id,varchar,YES,,即时报告标识
sp_saf_accident_report,事故事件报表,is_report_energy_bureau,varchar,YES,,是否上报能源局（0：否，1：是）
sp_saf_accident_report,事故事件报表,merger_accident_report_id,varchar,YES,,合并主单ID
sp_saf_accident_report,事故事件报表,create_uname,varchar,YES,,创建人名称
sp_saf_accident_report,事故事件报表,fill_uname,varchar,YES,,填报人名称
sp_saf_accident_report,事故事件报表,update_uname,varchar,YES,,更新人员名称
sp_saf_accident_report,事故事件报表,rel_other_id,varchar,YES,,报表其他信息ID
sp_saf_accident_report,事故事件报表,flow_defineition_id,varchar,YES,,工作流ID
sp_saf_accident_report,事故事件报表,merger_child_id,longtext,YES,,合并子单ID
sp_ss_hd_danger_assessment,隐患评估单,id,varchar,YES,,主键
sp_ss_hd_danger_assessment,隐患评估单,danger_id,varchar,YES,,隐患单ID
sp_ss_hd_danger_assessment,隐患评估单,assessment_date,datetime,YES,,隐患评估日期
sp_ss_hd_danger_assessment,隐患评估单,govern_oname,varchar,YES,,治理责任单位
sp_ss_hd_danger_assessment,隐患评估单,govern_oid,varchar,YES,,治理责任单位ID
sp_ss_hd_danger_assessment,隐患评估单,govern_uname,varchar,YES,,治理责任人
sp_ss_hd_danger_assessment,隐患评估单,govern_uid,varchar,YES,,治理责任人ID
sp_ss_hd_danger_assessment,隐患评估单,govern_name_phone,varchar,YES,,联系电话
sp_ss_hd_danger_assessment,隐患评估单,source_oname,varchar,YES,,隐患来源单位
sp_ss_hd_danger_assessment,隐患评估单,source_oid,varchar,YES,,隐患来源单位ID
sp_ss_hd_danger_assessment,隐患评估单,bear_oname,varchar,YES,,后果承担单位
sp_ss_hd_danger_assessment,隐患评估单,bear_oid,varchar,YES,,后果承担单位ID
sp_ss_hd_danger_assessment,隐患评估单,causes,longtext,YES,,隐患产生原因
sp_ss_hd_danger_assessment,隐患评估单,harm_describe,longtext,YES,,隐患危害程度
sp_ss_hd_danger_assessment,隐患评估单,province_code,varchar,YES,,省编码
sp_ss_hd_danger_assessment,隐患评估单,bureau_code,varchar,YES,,局编码
sp_ss_hd_danger_assessment,隐患评估单,optimistic_lock_version,varchar,YES,,乐观锁
sp_ss_hd_danger_assessment,隐患评估单,update_time,datetime,YES,,更新时间
sp_ss_hd_danger_assessment,隐患评估单,create_time,datetime,YES,,创建时间
sp_ss_hd_danger_assessment,隐患评估单,data_from,varchar,YES,,数据来源
sp_ss_hd_danger_supervise,隐患督办,id,varchar,NO,PRI,主键
sp_ss_hd_danger_supervise,隐患督办,danger_id,varchar,YES,,隐患单ID
sp_ss_hd_danger_supervise,隐患督办,supervise_id,varchar,YES,,督办单ID
sp_ss_hd_danger_supervise,隐患督办,supervise_state,varchar,YES,,督办单状态（1 督办中、2 已销号）
sp_ss_hd_danger_supervise,隐患督办,supervise_level,varchar,YES,,督办层级（1 网、2 省、3 地市局）
sp_ss_hd_danger_supervise,隐患督办,supervise_oname,varchar,YES,,督办单位
sp_ss_hd_danger_supervise,隐患督办,supervise_oid,varchar,YES,,督办单位ID
sp_ss_hd_danger_supervise,隐患督办,province_code,varchar,YES,,省编码
sp_ss_hd_danger_supervise,隐患督办,bureau_code,varchar,YES,,局编码
sp_ss_hd_danger_supervise,隐患督办,optimistic_lock_version,varchar,YES,,乐观锁
sp_ss_hd_danger_supervise,隐患督办,update_time,datetime,YES,,更新时间
sp_ss_hd_danger_supervise,隐患督办,create_time,datetime,YES,,创建时间
sp_ss_hd_danger_supervise,隐患督办,data_from,varchar,YES,,数据来源
sp_ss_hd_govern_plan,治理计划,id,varchar,YES,,主键
sp_ss_hd_govern_plan,治理计划,province_code,varchar,YES,,省编码
sp_ss_hd_govern_plan,治理计划,bureau_code,varchar,YES,,局编码
sp_ss_hd_govern_plan,治理计划,danger_id,varchar,YES,,隐患单ID
sp_ss_hd_govern_plan,治理计划,govern_plan,longtext,YES,,治理计划
sp_ss_hd_govern_plan,治理计划,govern_mode,varchar,YES,,治理方式（1 自主处理、2 持续跟进、3 立项处理）
sp_ss_hd_govern_plan,治理计划,govern_begin_date,datetime,YES,,治理期限（开始日期）
sp_ss_hd_govern_plan,治理计划,govern_end_date,datetime,YES,,治理期限（结束日期）
sp_ss_hd_govern_plan,治理计划,apply_project,varchar,YES,,需要申请项目（1 是、 2 否）
sp_ss_hd_govern_plan,治理计划,project_id,varchar,YES,,项目ID
sp_ss_hd_govern_plan,治理计划,speciality,varchar,YES,,专业（参考配置项）
sp_ss_hd_govern_plan,治理计划,project_attribute,varchar,YES,,项目属性（1 常规项目、2 应急项目）
sp_ss_hd_govern_plan,治理计划,project_type,varchar,YES,,项目类型（1 技改项目、2 修理项目）
sp_ss_hd_govern_plan,治理计划,entry_criteria,longtext,YES,,准入条件
sp_ss_hd_govern_plan,治理计划,push_state,varchar,YES,,推送状态（1 已推送、2 待审核、3 被回退）
sp_ss_hd_govern_plan,治理计划,project_schedule,longtext,YES,,立项/规划项目进度
sp_ss_hd_govern_plan,治理计划,govern_situation,longtext,YES,,治理完成情况
sp_ss_hd_govern_plan,治理计划,govern_unit_oname,longtext,YES,,治理责任单位
sp_ss_hd_govern_plan,治理计划,govern_unit_oid,varchar,YES,,治理责任单位ID
sp_ss_hd_govern_plan,治理计划,govern_uname,varchar,YES,,治理责任人
sp_ss_hd_govern_plan,治理计划,govern_uid,varchar,YES,,治理责任人ID
sp_ss_hd_govern_plan,治理计划,govern_money,decimal,YES,,累计完成治理资金（万元）
sp_ss_hd_govern_plan,治理计划,govern_finish_date,datetime,YES,,治理完成日期
sp_ss_hd_govern_plan,治理计划,optimistic_lock_version,varchar,YES,,乐观锁
sp_ss_hd_govern_plan,治理计划,update_time,datetime,YES,,更新时间
sp_ss_hd_govern_plan,治理计划,create_time,datetime,YES,,创建时间
sp_ss_hd_govern_plan,治理计划,data_from,varchar,YES,,数据来源
sp_ss_hd_govern_plan,治理计划,entry_criteria_id,varchar,YES,,准入条件Id
sp_ss_hd_hidden_danger,安全隐患管理-隐患单,id,varchar,NO,PRI,主键
sp_ss_hd_hidden_danger,安全隐患管理-隐患单,check_oname,varchar,YES,,验收责任单位
sp_ss_hd_hidden_danger,安全隐患管理-隐患单,fill_uid,varchar,YES,,填报人ID
sp_ss_hd_hidden_danger,安全隐患管理-隐患单,arrive_standard,varchar,YES,,是否达到五到位（1 是、2 否）注：责任、措施、资金、期限、应急措施
sp_ss_hd_hidden_danger,安全隐患管理-隐患单,manage_team_oid,varchar,YES,,管辖班组ID
sp_ss_hd_hidden_danger,安全隐患管理-隐患单,danger_type_code,varchar,YES,,隐患类型编码（01、02、03、04、05、06六种编码每次新增随机增加2位数或者3位数）
sp_ss_hd_hidden_danger,安全隐患管理-隐患单,province_code,varchar,YES,,省编码
sp_ss_hd_hidden_danger,安全隐患管理-隐患单,estimated_loss,varchar,YES,,可能造成损失（1 10万以下、2 10~100万、3 100~5000万、4 5000万以上）
sp_ss_hd_hidden_danger,安全隐患管理-隐患单,manage_team_oname,varchar,YES,,管辖班组
sp_ss_hd_hidden_danger,安全隐患管理-隐患单,danger_place,longtext,YES,,隐患地点
sp_ss_hd_hidden_danger,安全隐患管理-隐患单,check_conclusion,longtext,YES,,验收情况及结论
sp_ss_hd_hidden_danger,安全隐患管理-隐患单,fill_unit_ocode,varchar,YES,,填报单位编码
sp_ss_hd_hidden_danger,安全隐患管理-隐患单,check_date,datetime,YES,,验收日期
sp_ss_hd_hidden_danger,安全隐患管理-隐患单,longitude,varchar,YES,,经度
sp_ss_hd_hidden_danger,安全隐患管理-隐患单,module_code,varchar,YES,,来源模块编码（详见配置项）
sp_ss_hd_hidden_danger,安全隐患管理-隐患单,danger_source,varchar,YES,,隐患来源（1 生产运行、2 安全检查、3 事故事件、4 体系审核、99 其他来源）
sp_ss_hd_hidden_danger,安全隐患管理-隐患单,create_time,datetime,YES,,创建时间
sp_ss_hd_hidden_danger,安全隐患管理-隐患单,voltage_id,varchar,YES,,电压等级基准ID（无特殊要求，从设备中心获取，非枚举类）填报单位
sp_ss_hd_hidden_danger,安全隐患管理-隐患单,device_id,varchar,YES,,起始设备ID
sp_ss_hd_hidden_danger,安全隐患管理-隐患单,bureau_code,varchar,YES,,局编码
sp_ss_hd_hidden_danger,安全隐患管理-隐患单,owner_unit,varchar,YES,,隐患业主单位
sp_ss_hd_hidden_danger,安全隐患管理-隐患单,flow_state,varchar,YES,,记录工作流的状态（0：未上报 1：流程中 2：流程结束）
sp_ss_hd_hidden_danger,安全隐患管理-隐患单,voltage_grade,varchar,YES,,电压等级（非枚举）
sp_ss_hd_hidden_danger,安全隐患管理-隐患单,feeder_line,longtext,YES,,涉及馈线
sp_ss_hd_hidden_danger,安全隐患管理-隐患单,device_master_uname,varchar,YES,,设备主人
sp_ss_hd_hidden_danger,安全隐患管理-隐患单,module_id,varchar,YES,,来源模块ID
sp_ss_hd_hidden_danger,安全隐患管理-隐患单,fill_unit_oname,varchar,YES,,填报单位
sp_ss_hd_hidden_danger,安全隐患管理-隐患单,impact_level,varchar,YES,,影响级别（1 严重、2 异常、3 注意、4 正常）
sp_ss_hd_hidden_danger,安全隐患管理-隐患单,danger_classify,varchar,YES,,隐患分类（1 内部重大隐患、2 外部重大隐患、3 重大公共隐患）
sp_ss_hd_hidden_danger,安全隐患管理-隐患单,device_classify,varchar,YES,,设备类型（（非枚举））
sp_ss_hd_hidden_danger,安全隐患管理-隐患单,process_ins_id,varchar,YES,,主要用于记录流程实例的ID
sp_ss_hd_hidden_danger,安全隐患管理-隐患单,latitude,varchar,YES,,纬度
sp_ss_hd_hidden_danger,安全隐患管理-隐患单,result_level,varchar,YES,,隐患后果/事件（10 特大事故、11 重大事故、12 较大事故、13 一般事故、20 一级事件、21 二级事件、22 三级事件、23 四级事件、24 五级事件、25 六级事件、26 七级事件、27 八级事件）
sp_ss_hd_hidden_danger,安全隐患管理-隐患单,fill_unit_oid,varchar,YES,,填报单位ID
sp_ss_hd_hidden_danger,安全隐患管理-隐患单,data_from,varchar,YES,,数据来源
sp_ss_hd_hidden_danger,安全隐患管理-隐患单,check_standard,longtext,YES,,验收标准
sp_ss_hd_hidden_danger,安全隐患管理-隐患单,danger_name,longtext,YES,,隐患名称
sp_ss_hd_hidden_danger,安全隐患管理-隐患单,update_time,datetime,YES,,数据更新时间
sp_ss_hd_hidden_danger,安全隐患管理-隐患单,danger_state,varchar,YES,,隐患单状态（1 待上报、2 评估中、3 治理计划、4 跟踪治理、5 待验收、6 已完成）
sp_ss_hd_hidden_danger,安全隐患管理-隐患单,device_name,longtext,YES,,设备\线路名称
sp_ss_hd_hidden_danger,安全隐患管理-隐患单,sub_type_code,varchar,YES,,隐患类型二级编码
sp_ss_hd_hidden_danger,安全隐患管理-隐患单,check_oid,varchar,YES,,验收责任单位ID
sp_ss_hd_hidden_danger,安全隐患管理-隐患单,danger_level,varchar,YES,,隐患等级（详见隐患等级配置项）1 I级重大隐患、2 II级重大隐患、11 一般隐患
sp_ss_hd_hidden_danger,安全隐患管理-隐患单,optimistic_lock_version,varchar,YES,,乐观锁版本
sp_ss_hd_hidden_danger,安全隐患管理-隐患单,feeder_line_id,varchar,YES,,涉及馈线ID
sp_ss_hd_hidden_danger,安全隐患管理-隐患单,check_uid,varchar,YES,,验收责任人ID
sp_ss_hd_hidden_danger,安全隐患管理-隐患单,check_uname,varchar,YES,,验收责任人
sp_ss_hd_hidden_danger,安全隐患管理-隐患单,device_master_uid,varchar,YES,,设备主人ID
sp_ss_hd_hidden_danger,安全隐患管理-隐患单,self_control,varchar,YES,,自主管控(1:是 2：否)
sp_ss_hd_hidden_danger,安全隐患管理-隐患单,danger_type_desc,longtext,YES,,隐患类型说明
sp_ss_hd_hidden_danger,安全隐患管理-隐患单,temporary_measure,longtext,YES,,临时防控措施
sp_ss_hd_hidden_danger,安全隐患管理-隐患单,initial_measure,longtext,YES,,隐患整治初步方案
sp_ss_hd_hidden_danger,安全隐患管理-隐患单,danger_result,varchar,YES,,隐患后果（1 事件、 2 事故）
sp_ss_hd_hidden_danger,安全隐患管理-隐患单,owner_phone,varchar,YES,,隐患业主联系人电话
sp_ss_hd_hidden_danger,安全隐患管理-隐患单,danger_describe,longtext,YES,,隐患描述
sp_ss_hd_hidden_danger,安全隐患管理-隐患单,find_date,datetime,YES,,发现日期
sp_ss_hd_hidden_danger,安全隐患管理-隐患单,sub_type_desc,longtext,YES,,隐患类型说明二级
sp_ss_hd_hidden_danger,安全隐患管理-隐患单,fill_uname,varchar,YES,,填报人
sp_ss_hd_hidden_danger,安全隐患管理-隐患单,supervised,varchar,YES,,是否督办（1 是、2 否）
sp_ss_hd_hidden_danger,安全隐患管理-隐患单,emergency_measure,longtext,YES,,应急措施
sp_ss_hd_hidden_danger,安全隐患管理-隐患单,owner_contact,varchar,YES,,隐患业主联系人
sp_ss_hd_hidden_danger,安全隐患管理-隐患单,danger_code,varchar,YES,,隐患单编码
sp_ss_hd_track_record,跟踪处理情况,id,varchar,NO,PRI,主键
sp_ss_hd_track_record,跟踪处理情况,govern_plan_id,varchar,YES,,治理计划ID
sp_ss_hd_track_record,跟踪处理情况,create_time,datetime,YES,,创建时间
sp_ss_hd_track_record,跟踪处理情况,track_state,varchar,YES,,跟踪状态字段
sp_ss_hd_track_record,跟踪处理情况,bureau_code,varchar,YES,,局编码
sp_ss_hd_track_record,跟踪处理情况,record_classify,longtext,YES,,措施类型
sp_ss_hd_track_record,跟踪处理情况,track_situation,longtext,YES,,跟踪情况
sp_ss_hd_track_record,跟踪处理情况,prod_plan_id,varchar,YES,,维护检修计划ID
sp_ss_hd_track_record,跟踪处理情况,province_code,varchar,YES,,省编码
sp_ss_hd_track_record,跟踪处理情况,plan_date,datetime,YES,,计划完成时间
sp_ss_hd_track_record,跟踪处理情况,data_from,varchar,YES,,数据来源
sp_ss_hd_track_record,跟踪处理情况,update_time,datetime,YES,,更新时间
sp_ss_hd_track_record,跟踪处理情况,actual_date,datetime,YES,,实际完成时间
sp_ss_hd_track_record,跟踪处理情况,danger_id,varchar,YES,,隐患单ID
sp_ss_hd_track_record,跟踪处理情况,optimistic_lock_version,varchar,YES,,乐观锁
sp_ss_hd_track_record,跟踪处理情况,track_date,datetime,YES,,跟踪日期
sp_ss_hd_track_record,跟踪处理情况,track_uid,varchar,YES,,跟踪/处理人ID
sp_ss_hd_track_record,跟踪处理情况,track_uname,varchar,YES,,跟踪/处理人
sp_ss_rc_analysis_record,智能分析表,id,varchar,NO,PRI,主键ID
sp_ss_rc_analysis_record,智能分析表,confirmor_uid,varchar,YES,,确认人ID
sp_ss_rc_analysis_record,智能分析表,confirmor_uname,varchar,YES,,确认人名称
sp_ss_rc_analysis_record,智能分析表,province_code,varchar,YES,,省编码
sp_ss_rc_analysis_record,智能分析表,data_from,varchar,YES,,数据来源
sp_ss_rc_analysis_record,智能分析表,update_time,datetime,YES,,数据更新时间
sp_ss_rc_analysis_record,智能分析表,rule_type,varchar,YES,,告警类型 (1: 未带安全帽，2: 未穿工作服...)
sp_ss_rc_analysis_record,智能分析表,library_id,varchar,YES,,指标库ID
sp_ss_rc_analysis_record,智能分析表,attestation_desc,longtext,YES,,认证描述
sp_ss_rc_analysis_record,智能分析表,optimistic_lock_version,varchar,YES,,乐观锁版本
sp_ss_rc_analysis_record,智能分析表,work_ocode,varchar,YES,,项目管理单位编码
sp_ss_rc_analysis_record,智能分析表,state,varchar,YES,,状态(1:正常，2：过期）
sp_ss_rc_analysis_record,智能分析表,terminal_id,varchar,YES,,告警设备ID
sp_ss_rc_analysis_record,智能分析表,attention_level,varchar,YES,,关注级别（1：重点关注（红灯），2：一般关注（黄灯）
sp_ss_rc_analysis_record,智能分析表,work_code,varchar,YES,,作业计划编码
sp_ss_rc_analysis_record,智能分析表,create_time,datetime,YES,,创建时间
sp_ss_rc_analysis_record,智能分析表,work_plan_id,varchar,YES,,作业计划ID
sp_ss_rc_analysis_record,智能分析表,bureau_code,varchar,YES,,局编码
sp_ss_rc_analysis_record,智能分析表,record_violation,datetime,YES,,记录违章
sp_ss_rc_analysis_record,智能分析表,warn_time,datetime,YES,,告警时间
sp_ss_rc_analysis_record,智能分析表,warn_source,varchar,YES,,告警来源（1：人工智能违章预警，2：AI布控球违章预警）
sp_ss_rc_analysis_record,智能分析表,updator_id,varchar,YES,,更新人ID
sp_ss_rc_analysis_record,智能分析表,confirm_time,datetime,YES,,确认时间
sp_ss_rc_analysis_record,智能分析表,creator_id,varchar,YES,,创建人ID
sp_ss_rc_analysis_record,智能分析表,confirm_opinion,longtext,YES,,确认意见
sp_ss_rc_analysis_record,智能分析表,video_urls,varchar,YES,,"预警视频地址，通过"",""拼接"
sp_ss_rc_analysis_record,智能分析表,faith_rate,varchar,YES,,可信度
sp_ss_rc_peccancy_list,现场作业风险管控-现场作业违章扣分单详情,id,varchar,NO,PRI,主键ID
sp_ss_rc_peccancy_list,现场作业风险管控-现场作业违章扣分单详情,is_accountability,varchar,YES,,是否问责（1：是；2：否）
sp_ss_rc_peccancy_list,现场作业风险管控-现场作业违章扣分单详情,is_qualification,varchar,YES,,是否存在资质库（1:是，2:否）
sp_ss_rc_peccancy_list,现场作业风险管控-现场作业违章扣分单详情,peccancy_gist,longtext,YES,,违章依据-无
sp_ss_rc_peccancy_list,现场作业风险管控-现场作业违章扣分单详情,is_big_collective,int,YES,,是否大集体（1:是，2:否）-无
sp_ss_rc_peccancy_list,现场作业风险管控-现场作业违章扣分单详情,is_read,int,YES,,是否已读（1:是，2:否）-无
sp_ss_rc_peccancy_list,现场作业风险管控-现场作业违章扣分单详情,is_elimination,varchar,YES,,是否消分（1.是 2.否）
sp_ss_rc_peccancy_list,现场作业风险管控-现场作业违章扣分单详情,accountability,varchar,YES,,问责情况（10：行政问责-警告、11：行政问责-记过、12：行政问责-记大过、13：行政问责-降级、14：行政问责-撤职、15：行政问责-解除劳动合同、20：其他问责-提醒谈话、21：其他问责-警示谈话、22：其他问责-书面检查、23：其他问责-离岗学习、24：其他问责-通报批评）
sp_ss_rc_peccancy_list,现场作业风险管控-现场作业违章扣分单详情,creator_uid,varchar,YES,,创建人ID
sp_ss_rc_peccancy_list,现场作业风险管控-现场作业违章扣分单详情,general_contract,varchar,YES,,总包确认（1 是、2 否）
sp_ss_rc_peccancy_list,现场作业风险管控-现场作业违章扣分单详情,scoring_time,datetime,YES,,计分起始时间
sp_ss_rc_peccancy_list,现场作业风险管控-现场作业违章扣分单详情,signuser_uname,varchar,YES,,签名人
sp_ss_rc_peccancy_list,现场作业风险管控-现场作业违章扣分单详情,is_party_menber,varchar,YES,,"是否党员（1:是,2:否）"
sp_ss_rc_peccancy_list,现场作业风险管控-现场作业违章扣分单详情,peccancy_record_id,varchar,YES,,违章扣分单ID
sp_ss_rc_peccancy_list,现场作业风险管控-现场作业违章扣分单详情,peccancy_time,datetime,YES,,违章时间
sp_ss_rc_peccancy_list,现场作业风险管控-现场作业违章扣分单详情,update_time,datetime,YES,,更新时间
sp_ss_rc_peccancy_list,现场作业风险管控-现场作业违章扣分单详情,create_time,datetime,YES,,创建时间
sp_ss_rc_peccancy_list,现场作业风险管控-现场作业违章扣分单详情,data_from,varchar,YES,,数据来源
sp_ss_rc_peccancy_list,现场作业风险管控-现场作业违章扣分单详情,peccancy_uid,varchar,YES,,违章人ID
sp_ss_rc_peccancy_list,现场作业风险管控-现场作业违章扣分单详情,identity_card,varchar,YES,,身份证号
sp_ss_rc_peccancy_list,现场作业风险管控-现场作业违章扣分单详情,peccancy_oid,varchar,YES,,违章单位ID
sp_ss_rc_peccancy_list,现场作业风险管控-现场作业违章扣分单详情,repeat_violation,varchar,YES,,确认重复违章（1:是，2:否）
sp_ss_rc_peccancy_list,现场作业风险管控-现场作业违章扣分单详情,signuser_uid,varchar,YES,,签名人id
sp_ss_rc_peccancy_list,现场作业风险管控-现场作业违章扣分单详情,score_value,varchar,YES,,扣分值
sp_ss_rc_peccancy_list,现场作业风险管控-现场作业违章扣分单详情,peccancy_uname,varchar,YES,,违章人
sp_ss_rc_peccancy_list,现场作业风险管控-现场作业违章扣分单详情,training,varchar,YES,,教育培训情况（1 自学整改 2 约谈提示 3 警示教育 4 诫勉批评 5 脱产学习 6 取消资格）
sp_ss_rc_peccancy_list,现场作业风险管控-现场作业违章扣分单详情,violation_sign,varchar,YES,,违章人确认签名（1:是，2:否）
sp_ss_rc_peccancy_list,现场作业风险管控-现场作业违章扣分单详情,peccancy_behavior,longtext,YES,,违章现象
sp_ss_rc_peccancy_list,现场作业风险管控-现场作业违章扣分单详情,peccancy_oname,longtext,YES,,违章单位
sp_ss_rc_peccancy_list,现场作业风险管控-现场作业违章扣分单详情,peccancy_code_id,varchar,YES,,违章编码ID
sp_ss_rc_peccancy_list,现场作业风险管控-现场作业违章扣分单详情,optimistic_lock_version,varchar,YES,,乐观锁
sp_ss_rc_peccancy_list,现场作业风险管控-现场作业违章扣分单详情,peccancy_type,varchar,YES,,违章类型（1 人员行为 2 作业环境 3 施工机具 4 作业流程 5 作业标准）
sp_ss_rc_peccancy_list,现场作业风险管控-现场作业违章扣分单详情,bureau_code,varchar,YES,,局编码
sp_ss_rc_peccancy_list,现场作业风险管控-现场作业违章扣分单详情,peccancy_code,varchar,YES,,违章编码
sp_ss_rc_peccancy_list,现场作业风险管控-现场作业违章扣分单详情,is_kinds,varchar,YES,,是否三种人（1 是 2 否）
sp_ss_rc_peccancy_list,现场作业风险管控-现场作业违章扣分单详情,post_name,varchar,YES,,岗位名称-基建专业（1：业主项目部人员、2：项目部管理人员(施工) 、3：现场工作负责人(施工) 、4：现场作业人员(施工) 、5：项目部管理人员(监理)、 6：现场监理人员）
sp_ss_rc_peccancy_list,现场作业风险管控-现场作业违章扣分单详情,province_code,varchar,YES,,省编码
sp_ss_rc_peccancy_list,现场作业风险管控-现场作业违章扣分单详情,is_deducting,varchar,YES,,是否扣分（1 是 2 否）
sp_ss_rc_peccancy_list,现场作业风险管控-现场作业违章扣分单详情,unit_type,varchar,YES,,单位类别-基建专业（1 建设单位、2 施工单位、3 监理单位）
sp_ss_rc_peccancy_list,现场作业风险管控-现场作业违章扣分单详情,updator_uid,varchar,YES,,更新人ID
sp_ss_rc_peccancy_list,现场作业风险管控-现场作业违章扣分单详情,deduct_object,longtext,YES,,扣分对象
sp_ss_rc_peccancy_list,现场作业风险管控-现场作业违章扣分单详情,deduction_period,varchar,YES,,扣分周期
sp_ss_rc_peccancy_list,现场作业风险管控-现场作业违章扣分单详情,is_violate_order,varchar,YES,,是否违反禁令（1:是，2:否）
sp_ss_rc_peccancy_list,现场作业风险管控-现场作业违章扣分单详情,order_id,varchar,YES,,安全生产禁令ID
sp_ss_rc_peccancy_list,现场作业风险管控-现场作业违章扣分单详情,order_content,longtext,YES,,安全生产禁令
sp_ss_rc_peccancy_list,现场作业风险管控-现场作业违章扣分单详情,is_reform_enterprise,varchar,YES,,是否改革后企业（1:是，2:否）
sp_ss_rc_peccancy_list,现场作业风险管控-现场作业违章扣分单详情,education,varchar,YES,,学历
sp_ss_rc_peccancy_list,现场作业风险管控-现场作业违章扣分单详情,violator_attribution,varchar,YES,,违章人归属
sp_ss_rc_peccancy_list,现场作业风险管控-现场作业违章扣分单详情,contractor_oname,longtext,YES,,总承包商
sp_ss_rc_peccancy_list,现场作业风险管控-现场作业违章扣分单详情,contractor_oid,varchar,YES,,总承包商ID
sp_ss_rc_peccancy_list,现场作业风险管控-现场作业违章扣分单详情,peccancy_ocode,varchar,YES,,违章单位编码
sp_ss_rc_peccancy_record,现场作业风险管控-违章扣分单,id,varchar,NO,PRI,ID
sp_ss_rc_peccancy_record,现场作业风险管控-违章扣分单,supervision_mode,varchar,YES,,督查形式（1 现场督查 2 视频督查）
sp_ss_rc_peccancy_record,现场作业风险管控-违章扣分单,not_plan_reason,longtext,YES,,无作业计划原因
sp_ss_rc_peccancy_record,现场作业风险管控-违章扣分单,correct_desc,longtext,YES,,现场纠正说明
sp_ss_rc_peccancy_record,现场作业风险管控-违章扣分单,notes,longtext,YES,,备注
sp_ss_rc_peccancy_record,现场作业风险管控-违章扣分单,peccancy_describe,longtext,YES,,违章描述
sp_ss_rc_peccancy_record,现场作业风险管控-违章扣分单,province_code,varchar,YES,,省编码
sp_ss_rc_peccancy_record,现场作业风险管控-违章扣分单,project_name,longtext,YES,,项目名称-基建专业
sp_ss_rc_peccancy_record,现场作业风险管控-违章扣分单,bureau_name,varchar,YES,,所属地市局
sp_ss_rc_peccancy_record,现场作业风险管控-违章扣分单,project_manage_ocode,varchar,YES,,项目管理单位编码
sp_ss_rc_peccancy_record,现场作业风险管控-违章扣分单,work_place,longtext,YES,,工作地点
sp_ss_rc_peccancy_record,现场作业风险管控-违章扣分单,data_belong_unit_oname,varchar,YES,,数据归口单位
sp_ss_rc_peccancy_record,现场作业风险管控-违章扣分单,work_content,longtext,YES,,工作内容
sp_ss_rc_peccancy_record,现场作业风险管控-违章扣分单,creator_uid,varchar,YES,,创建人ID
sp_ss_rc_peccancy_record,现场作业风险管控-违章扣分单,control_level,varchar,YES,,管控层级（1 地市级 、2 县区级、3 班站所、4 省级、5 网级、6 大集体）
sp_ss_rc_peccancy_record,现场作业风险管控-违章扣分单,project_manage_oid,varchar,YES,,项目管理单位ID
sp_ss_rc_peccancy_record,现场作业风险管控-违章扣分单,input_source,varchar,YES,,录入来源（1 PC端 2 移动APP）
sp_ss_rc_peccancy_record,现场作业风险管控-违章扣分单,work_code,varchar,YES,,作业计划编号
sp_ss_rc_peccancy_record,现场作业风险管控-违章扣分单,record_date,datetime,YES,,登记日期
sp_ss_rc_peccancy_record,现场作业风险管控-违章扣分单,create_time,datetime,YES,,创建时间
sp_ss_rc_peccancy_record,现场作业风险管控-违章扣分单,major_wide,varchar,YES,,专业大类（1 生技、2 调度、3 营销、4 基建）
sp_ss_rc_peccancy_record,现场作业风险管控-违章扣分单,bureau_code,varchar,YES,,局编码
sp_ss_rc_peccancy_record,现场作业风险管控-违章扣分单,project_code,varchar,YES,,项目编码-基建专业
sp_ss_rc_peccancy_record,现场作业风险管控-违章扣分单,province_name,varchar,YES,,所属分子公司
sp_ss_rc_peccancy_record,现场作业风险管控-违章扣分单,flow_state,varchar,YES,,记录工作流的状态（0：未上报 1：流程中 2：流程结束）
sp_ss_rc_peccancy_record,现场作业风险管控-违章扣分单,supervision_level,varchar,YES,,督查层级（1 地市级 、2 县区级、3 班站所、4 省级、5 网级、6 大集体）
sp_ss_rc_peccancy_record,现场作业风险管控-违章扣分单,data_belong_unit_ocode,varchar,YES,,数据归口单位编码
sp_ss_rc_peccancy_record,现场作业风险管控-违章扣分单,problem_type,varchar,YES,,问题类型(1.管理性 2.作业性 3.装置性)
sp_ss_rc_peccancy_record,现场作业风险管控-违章扣分单,is_self_exposure,varchar,YES,,是否自暴露（1：是；2：否）
sp_ss_rc_peccancy_record,现场作业风险管控-违章扣分单,process_ins_id,varchar,YES,,主要用于记录流程实例的ID
sp_ss_rc_peccancy_record,现场作业风险管控-违章扣分单,peccancy_reason,varchar,YES,,违章原因
sp_ss_rc_peccancy_record,现场作业风险管控-违章扣分单,supervision_ocode,varchar,YES,,督查单位编码
sp_ss_rc_peccancy_record,现场作业风险管控-违章扣分单,is_new_power,varchar,YES,,是否新电力（1：是 4：否）
sp_ss_rc_peccancy_record,现场作业风险管控-违章扣分单,sys_type,varchar,YES,,体系分类（1 监督体系 2 保障体系）
sp_ss_rc_peccancy_record,现场作业风险管控-违章扣分单,supervison_location,longtext,YES,,督查地点
sp_ss_rc_peccancy_record,现场作业风险管控-违章扣分单,data_from,varchar,YES,,数据来源
sp_ss_rc_peccancy_record,现场作业风险管控-违章扣分单,update_time,datetime,YES,,更新时间
sp_ss_rc_peccancy_record,现场作业风险管控-违章扣分单,supervision_oname,varchar,YES,,督查单位
sp_ss_rc_peccancy_record,现场作业风险管控-违章扣分单,optimistic_lock_version,varchar,YES,,乐观锁版本
sp_ss_rc_peccancy_record,现场作业风险管控-违章扣分单,record_code,varchar,YES,,违章单编号
sp_ss_rc_peccancy_record,现场作业风险管控-违章扣分单,is_verify,varchar,YES,,是否核实（1：是；2：否）
sp_ss_rc_peccancy_record,现场作业风险管控-违章扣分单,work_plan_id,varchar,YES,,作业计划ID
sp_ss_rc_peccancy_record,现场作业风险管控-违章扣分单,creator_uname,varchar,YES,,创建人
sp_ss_rc_peccancy_record,现场作业风险管控-违章扣分单,county_name,varchar,YES,,所属县区局/二级单位
sp_ss_rc_peccancy_record,现场作业风险管控-违章扣分单,project_manage_oname,varchar,YES,,项目管理单位
sp_ss_rc_peccancy_record,现场作业风险管控-违章扣分单,is_cont_self_exposure,varchar,YES,,是否承包商自主暴露(1.是 2.否)
sp_ss_rc_peccancy_record,现场作业风险管控-违章扣分单,supervison_time,datetime,YES,,督查时间
sp_ss_rc_peccancy_record,现场作业风险管控-违章扣分单,updator_uid,varchar,YES,,更新人ID
sp_ss_rc_peccancy_record,现场作业风险管控-违章扣分单,task_main,varchar,YES,,作业主体（1 本单位 2 外单位）
sp_ss_rc_peccancy_record,现场作业风险管控-违章扣分单,supervision_oid,varchar,YES,,督查单位ID
sp_ss_rc_peccancy_record,现场作业风险管控-违章扣分单,source_id,varchar,YES,,来源ID
sp_ss_rc_peccancy_record,现场作业风险管控-违章扣分单,task_type,varchar,YES,,作业类型（1.预试 2.定检 61.变电土建）
sp_ss_rc_peccancy_record,现场作业风险管控-违章扣分单,supervisor_major,varchar,YES,,督查人专业（1 安监 2 生技 3 调度 4 营销 5 基建）
sp_ss_rc_relation_ticket,作业关联票信息,id,varchar,NO,PRI,主键ID
sp_ss_rc_relation_ticket,作业关联票信息,ticket_type,varchar,YES,,票类型（1 工作票 2 停电单 3 操作票）
sp_ss_rc_relation_ticket,作业关联票信息,update_time,datetime,YES,,数据更新时间
sp_ss_rc_relation_ticket,作业关联票信息,outage_type,varchar,YES,,停电单类型（1 主网、 2 配网）
sp_ss_rc_relation_ticket,作业关联票信息,create_time,datetime,YES,,创建时间
sp_ss_rc_relation_ticket,作业关联票信息,ticket_code,varchar,YES,,关联票票号
sp_ss_rc_relation_ticket,作业关联票信息,optimistic_lock_version,varchar,YES,,乐观锁版本
sp_ss_rc_relation_ticket,作业关联票信息,bureau_code,varchar,YES,,局编码按照南网地市编码
sp_ss_rc_relation_ticket,作业关联票信息,work_plan_id,varchar,YES,,作业计划ID
sp_ss_rc_relation_ticket,作业关联票信息,ticket_id,varchar,YES,,关联票ID
sp_ss_rc_relation_ticket,作业关联票信息,province_code,varchar,YES,,省编码按照南网地市编码
sp_ss_rc_relation_ticket,作业关联票信息,data_from,varchar,YES,,数据来源
sp_ss_rc_task_monitor_video,作业监控视频,id,varchar,NO,PRI,主键ID
sp_ss_rc_task_monitor_video,作业监控视频,province_code,varchar,YES,,省编码按照南网地市编码
sp_ss_rc_task_monitor_video,作业监控视频,bind_time,datetime,YES,,绑定时间
sp_ss_rc_task_monitor_video,作业监控视频,bind_uname,varchar,YES,,设备绑定人
sp_ss_rc_task_monitor_video,作业监控视频,work_plan_id,varchar,YES,,作业计划ID
sp_ss_rc_task_monitor_video,作业监控视频,bind_state,varchar,YES,,绑定状态（1 绑定 2 解绑）
sp_ss_rc_task_monitor_video,作业监控视频,sub_terminal_id,varchar,YES,,终端子id(物联网使用)
sp_ss_rc_task_monitor_video,作业监控视频,bind_source,varchar,YES,,绑定来源（1接口绑定 2扫码绑定 3人工绑定）
sp_ss_rc_task_monitor_video,作业监控视频,remove_uid,varchar,YES,,设备解绑人ID
sp_ss_rc_task_monitor_video,作业监控视频,remove_time,datetime,YES,,解绑时间
sp_ss_rc_task_monitor_video,作业监控视频,bureau_code,varchar,YES,,局编码按照南网地市编码
sp_ss_rc_task_monitor_video,作业监控视频,remove_uname,varchar,YES,,设备解绑人
sp_ss_rc_task_monitor_video,作业监控视频,update_time,datetime,YES,,更新时间
sp_ss_rc_task_monitor_video,作业监控视频,optimistic_lock_version,varchar,YES,,乐观锁版本
sp_ss_rc_task_monitor_video,作业监控视频,create_time,datetime,YES,,创建时间
sp_ss_rc_task_monitor_video,作业监控视频,terminal_id,varchar,YES,,视频终端ID
sp_ss_rc_task_monitor_video,作业监控视频,bind_uid,varchar,YES,,设备绑定人ID
sp_ss_rc_task_monitor_video,作业监控视频,data_from,varchar,YES,,数据来源
sp_ss_rc_violation_warn,违章预警信息,id,varchar,NO,PRI,主键ID
sp_ss_rc_violation_warn,违章预警信息,create_time,datetime,YES,,创建时间
sp_ss_rc_violation_warn,违章预警信息,bureau_code,varchar,YES,,局编码
sp_ss_rc_violation_warn,违章预警信息,province_code,varchar,YES,,省编码
sp_ss_rc_violation_warn,违章预警信息,data_from,varchar,YES,,数据来源
sp_ss_rc_violation_warn,违章预警信息,confirm_time,datetime,YES,,确认时间
sp_ss_rc_violation_warn,违章预警信息,confirm_status,varchar,YES,,确认状态（1：确认违章、2：误报）
sp_ss_rc_violation_warn,违章预警信息,attr_id,varchar,YES,,附件ID
sp_ss_rc_violation_warn,违章预警信息,warn_id,varchar,YES,,预警记录ID（违章预警记录对应图片或视频文件ID，物联网透传）
sp_ss_rc_violation_warn,违章预警信息,update_time,datetime,YES,,更新时间
sp_ss_rc_violation_warn,违章预警信息,video_url,varchar,YES,,预警视频地址
sp_ss_rc_violation_warn,违章预警信息,rule_type,varchar,YES,,告警类型（1：未带安全帽、2：未穿工作服）
sp_ss_rc_violation_warn,违章预警信息,optimistic_lock_version,varchar,YES,,乐观锁版本
sp_ss_rc_violation_warn,违章预警信息,file_type,varchar,YES,,文件类型（1：图片、2：视频）
sp_ss_rc_violation_warn,违章预警信息,creator_id,varchar,YES,,创建人ID
sp_ss_rc_violation_warn,违章预警信息,updater_id,varchar,YES,,更新人ID
sp_ss_rc_violation_warn,违章预警信息,confirm_opinion,longtext,YES,,确认意见
sp_ss_rc_violation_warn,违章预警信息,confirm_uname,varchar,YES,,确认人名称
sp_ss_rc_violation_warn,违章预警信息,analysis_record_id,varchar,YES,,智能分析记录ID
sp_ss_rc_violation_warn,违章预警信息,faith_rate,varchar,YES,,可信度
sp_ss_rc_violation_warn,违章预警信息,attr_object_id,varchar,YES,,附件对象ID
sp_ss_rc_violation_warn,违章预警信息,confirm_uid,varchar,YES,,确认人ID
sp_ss_rc_work_plan,现场作业风险管控-现场作业计划超高压,id,varchar,NO,PRI,主键ID
sp_ss_rc_work_plan,现场作业风险管控-现场作业计划超高压,city_specialty_oid,varchar,YES,,专业管理部门ID地市局按照南网地市编码
sp_ss_rc_work_plan,现场作业风险管控-现场作业计划超高压,work_oid,varchar,YES,,项目工作单位ID按照南网地市编码
sp_ss_rc_work_plan,现场作业风险管控-现场作业计划超高压,specialty_oid,varchar,YES,,专业管理部门ID县区局
sp_ss_rc_work_plan,现场作业风险管控-现场作业计划超高压,task_source_id,varchar,YES,,作业任务来源ID
sp_ss_rc_work_plan,现场作业风险管控-现场作业计划超高压,province_code,varchar,YES,,省编码按照南网地市编码
sp_ss_rc_work_plan,现场作业风险管控-现场作业计划超高压,work_place,longtext,YES,,工作地点
sp_ss_rc_work_plan,现场作业风险管控-现场作业计划超高压,is_full,varchar,YES,,
sp_ss_rc_work_plan,现场作业风险管控-现场作业计划超高压,major,varchar,YES,,专业（配置项读取）
sp_ss_rc_work_plan,现场作业风险管控-现场作业计划超高压,work_content,longtext,YES,,工作内容
sp_ss_rc_work_plan,现场作业风险管控-现场作业计划超高压,actual_end_time,datetime,YES,,实际结束时间
sp_ss_rc_work_plan,现场作业风险管控-现场作业计划超高压,work_ocode,varchar,YES,,项目工作单位CODE
sp_ss_rc_work_plan,现场作业风险管控-现场作业计划超高压,creator_uid,varchar,YES,,创建人ID
sp_ss_rc_work_plan,现场作业风险管控-现场作业计划超高压,job_number,varchar,YES,,作业人数
sp_ss_rc_work_plan,现场作业风险管控-现场作业计划超高压,actual_start_time,datetime,YES,,实际开始时间
sp_ss_rc_work_plan,现场作业风险管控-现场作业计划超高压,longitude,varchar,YES,,工作地点-经度
sp_ss_rc_work_plan,现场作业风险管控-现场作业计划超高压,work_code,varchar,YES,,作业计划编号
sp_ss_rc_work_plan,现场作业风险管控-现场作业计划超高压,create_time,datetime,YES,,创建时间
sp_ss_rc_work_plan,现场作业风险管控-现场作业计划超高压,major_wide,varchar,YES,,专业大类（1 生技、2 调度、3 营销、4 基建）
sp_ss_rc_work_plan,现场作业风险管控-现场作业计划超高压,bureau_code,varchar,YES,,局编码按照南网地市编码
sp_ss_rc_work_plan,现场作业风险管控-现场作业计划超高压,run_team_oname,varchar,YES,,运行班组
sp_ss_rc_work_plan,现场作业风险管控-现场作业计划超高压,explored_mode,varchar,YES,,勘察方式（1 无需勘察 2 需勘察）
sp_ss_rc_work_plan,现场作业风险管控-现场作业计划超高压,work_team_oname,varchar,YES,,工作班组
sp_ss_rc_work_plan,现场作业风险管控-现场作业计划超高压,voltage_grade,varchar,YES,,电压等级(v)
sp_ss_rc_work_plan,现场作业风险管控-现场作业计划超高压,is_work_ticket,varchar,YES,,是否办票（1 是 2 否）
sp_ss_rc_work_plan,现场作业风险管控-现场作业计划超高压,need_monitor,varchar,YES,,确认视频监控（1 是 2 否）
sp_ss_rc_work_plan,现场作业风险管控-现场作业计划超高压,work_team_oid,varchar,YES,,工作班组ID
sp_ss_rc_work_plan,现场作业风险管控-现场作业计划超高压,run_team_oid,varchar,YES,,运行班组ID
sp_ss_rc_work_plan,现场作业风险管控-现场作业计划超高压,specialty_oname,varchar,YES,,专业管理部门县区局名称
sp_ss_rc_work_plan,现场作业风险管控-现场作业计划超高压,explored_work_id,varchar,YES,,勘察单ID
sp_ss_rc_work_plan,现场作业风险管控-现场作业计划超高压,work_days,varchar,YES,,工期（天）
sp_ss_rc_work_plan,现场作业风险管控-现场作业计划超高压,plan_end_time,datetime,YES,,计划结束时间
sp_ss_rc_work_plan,现场作业风险管控-现场作业计划超高压,plan_type,varchar,YES,,计划类型(1 计划 2 临时)
sp_ss_rc_work_plan,现场作业风险管控-现场作业计划超高压,plan_start_time,datetime,YES,,计划开始时间
sp_ss_rc_work_plan,现场作业风险管控-现场作业计划超高压,task_source,varchar,YES,,作业任务来源（-1 手工录入 1：维护检修，2：技改修理，3：故障抢修，4：营销客户服务平台，5：营销施工管控平台，6：智慧工程）
sp_ss_rc_work_plan,现场作业风险管控-现场作业计划超高压,latitude,varchar,YES,,工作地点-纬度
sp_ss_rc_work_plan,现场作业风险管控-现场作业计划超高压,data_from,varchar,YES,,数据来源
sp_ss_rc_work_plan,现场作业风险管控-现场作业计划超高压,update_time,datetime,YES,,数据更新时间
sp_ss_rc_work_plan,现场作业风险管控-现场作业计划超高压,bind_video,varchar,YES,,确认绑定视频（1 是 2 否）
sp_ss_rc_work_plan,现场作业风险管控-现场作业计划超高压,optimistic_lock_version,varchar,YES,,乐观锁版本
sp_ss_rc_work_plan,现场作业风险管控-现场作业计划超高压,release_time,datetime,YES,,发布时间
sp_ss_rc_work_plan,现场作业风险管控-现场作业计划超高压,work_master_phone,varchar,YES,,工作负责人联系电话
sp_ss_rc_work_plan,现场作业风险管控-现场作业计划超高压,city_specialty_oname,varchar,YES,,专业管理部门地市局名称。按照南网地市编码
sp_ss_rc_work_plan,现场作业风险管控-现场作业计划超高压,task_state,varchar,YES,,作业状态（1 新增 2未开工 3进行中 4已完成 5 取消 6 间断 7 改期）
sp_ss_rc_work_plan,现场作业风险管控-现场作业计划超高压,creator_uname,varchar,YES,,创建人
sp_ss_rc_work_plan,现场作业风险管控-现场作业计划超高压,major_sub_type,varchar,YES,,专业二级分类（1：变电，2：输电，3：配电，8：发电，21：继保，22：自动化，23：通信，24：安自，25：网安）
sp_ss_rc_work_plan,现场作业风险管控-现场作业计划超高压,work_mode,varchar,YES,,工作方式（1 停电 2 不停电 3 带电作业）
sp_ss_rc_work_plan,现场作业风险管控-现场作业计划超高压,work_oname,varchar,YES,,项目工作单位
sp_ss_rc_work_plan,现场作业风险管控-现场作业计划超高压,risk_value,varchar,YES,,综合风险值
sp_ss_rc_work_plan,现场作业风险管控-现场作业计划超高压,updator_uid,varchar,YES,,更新人ID
sp_ss_rc_work_plan,现场作业风险管控-现场作业计划超高压,task_main,varchar,YES,,作业主体（1 本单位 2 外单位）
sp_ss_rc_work_plan,现场作业风险管控-现场作业计划超高压,work_master_uname,varchar,YES,,工作负责人
sp_ss_rc_work_plan,现场作业风险管控-现场作业计划超高压,work_master_uid,varchar,YES,,工作负责人用户ID
sp_ss_rc_work_plan,现场作业风险管控-现场作业计划超高压,task_type,varchar,YES,,作业类型（1：预试，2：定检，3：巡视，4：检修，5：维护，6：消缺，7：操作，8：验收，9：安装、更换作业，10：测量，11：带电，12：工器具试验，13：配合(生产)，14：其他(生产)，15：反措）
sp_ss_rc_work_plan,现场作业风险管控-现场作业计划超高压,outage_apply_id,varchar,YES,,停电申请单ID
sp_ss_rc_work_plan,现场作业风险管控-现场作业计划超高压,risk_leval,varchar,YES,,风险等级（1 特高 2 高 3 中 4 低 5 可接受）
sp_ss_rc_work_plan,现场作业风险管控-现场作业计划超高压,plan_classify,varchar,YES,,计划分类（1 年计划、2 月计划、3 周计划、4 日计划）
sp_ss_sr_responsibility,安全生产目标及责任制管理-责任书,id,varchar,NO,PRI,主键
sp_ss_sr_responsibility,安全生产目标及责任制管理-责任书,province_code,varchar,YES,,省编码
sp_ss_sr_responsibility,安全生产目标及责任制管理-责任书,bureau_code,varchar,YES,,局编码
sp_ss_sr_responsibility,安全生产目标及责任制管理-责任书,flow_state,varchar,YES,,记录工作流的状态（0：未上报 1：流程中 2：流程结束）
sp_ss_sr_responsibility,安全生产目标及责任制管理-责任书,process_ins_id,varchar,YES,,主要用于记录流程实例的ID
sp_ss_sr_responsibility,安全生产目标及责任制管理-责任书,optimistic_lock_version,varchar,YES,,乐观锁版本
sp_ss_sr_responsibility,安全生产目标及责任制管理-责任书,update_time,datetime,YES,,数据更新时间
sp_ss_sr_responsibility,安全生产目标及责任制管理-责任书,create_time,datetime,YES,,创建时间
sp_ss_sr_responsibility,安全生产目标及责任制管理-责任书,data_from,varchar,YES,,数据来源
sp_ss_sr_responsibility,安全生产目标及责任制管理-责任书,sign_code,varchar,YES,,"责任书编码，ZRS+""局编码""+""年月""+""-""+6位序列号"
sp_ss_sr_responsibility,安全生产目标及责任制管理-责任书,sign_title,longtext,YES,,标题
sp_ss_sr_responsibility,安全生产目标及责任制管理-责任书,report_oname,longtext,YES,,填报单位
sp_ss_sr_responsibility,安全生产目标及责任制管理-责任书,report_oid,varchar,YES,,填报单位ID
sp_ss_sr_responsibility,安全生产目标及责任制管理-责任书,report_ocode,varchar,YES,,填报单位编码
sp_ss_sr_responsibility,安全生产目标及责任制管理-责任书,sign_year,varchar,YES,,年度
sp_ss_sr_responsibility,安全生产目标及责任制管理-责任书,report_date,datetime,YES,,填报日期
sp_ss_sr_responsibility,安全生产目标及责任制管理-责任书,party_a_oname,longtext,YES,,甲方单位
sp_ss_sr_responsibility,安全生产目标及责任制管理-责任书,party_a_oid,varchar,YES,,甲方单位ID
sp_ss_sr_responsibility,安全生产目标及责任制管理-责任书,party_a_post_name,varchar,YES,,甲方岗位名称
sp_ss_sr_responsibility,安全生产目标及责任制管理-责任书,party_a_post_id,varchar,YES,,甲方岗位名称ID
sp_ss_sr_responsibility,安全生产目标及责任制管理-责任书,party_a_uname,varchar,YES,,甲方名称
sp_ss_sr_responsibility,安全生产目标及责任制管理-责任书,party_a_uid,varchar,YES,,甲方ID
sp_ss_sr_responsibility,安全生产目标及责任制管理-责任书,sign_date,datetime,YES,,甲方签订日期
sp_ss_sr_responsibility,安全生产目标及责任制管理-责任书,party_b_oname,longtext,YES,,乙方单位
sp_ss_sr_responsibility,安全生产目标及责任制管理-责任书,party_b_oid,varchar,YES,,乙方单位ID
sp_ss_sr_responsibility,安全生产目标及责任制管理-责任书,party_b_post_name,varchar,YES,,乙方岗位名称
sp_ss_sr_responsibility,安全生产目标及责任制管理-责任书,party_b_post_id,varchar,YES,,乙方岗位ID
sp_ss_sr_responsibility,安全生产目标及责任制管理-责任书,party_b_uname,varchar,YES,,乙方名称
sp_ss_sr_responsibility,安全生产目标及责任制管理-责任书,party_b_uid,varchar,YES,,乙方ID
sp_ss_sr_responsibility,安全生产目标及责任制管理-责任书,validity_date,datetime,YES,,有效期
sp_ss_sr_responsibility,安全生产目标及责任制管理-责任书,sign_state,varchar,YES,,责任书状态（-1 作废、1 待签订（）、2 已签订（）、3、已自评（乙方评价）、4 已评价（甲方评价）、5 归档（已归档））
sp_ss_sr_responsibility,安全生产目标及责任制管理-责任书,creator_uid,varchar,YES,,创建人ID
sp_ss_sr_responsibility_eval,责任书评价单,id,varchar,NO,PRI,主键
sp_ss_sr_responsibility_eval,责任书评价单,province_code,varchar,YES,,省编码
sp_ss_sr_responsibility_eval,责任书评价单,bureau_code,varchar,YES,,局编码
sp_ss_sr_responsibility_eval,责任书评价单,optimistic_lock_version,varchar,YES,,乐观锁版本
sp_ss_sr_responsibility_eval,责任书评价单,update_time,datetime,YES,,数据更新时间
sp_ss_sr_responsibility_eval,责任书评价单,create_time,datetime,YES,,创建时间
sp_ss_sr_responsibility_eval,责任书评价单,data_from,varchar,YES,,数据来源
sp_ss_sr_responsibility_eval,责任书评价单,flow_state,varchar,YES,,记录工作流的状态（0：未上报 1：流程中 2：流程结束）
sp_ss_sr_responsibility_eval,责任书评价单,process_ins_id,varchar,YES,,主要用于记录流程实例的ID
sp_ss_sr_responsibility_eval,责任书评价单,responsibility_id,varchar,YES,,责任书ID
sp_ss_sr_responsibility_eval,责任书评价单,target_complete_self,varchar,YES,,乙方-目标与指标完成情况（1 是、2 否）
sp_ss_sr_responsibility_eval,责任书评价单,target_eval_self,varchar,YES,,乙方-目标与指标自评（1 优、2 良、3 差）
sp_ss_sr_responsibility_eval,责任书评价单,control_complete_self,varchar,YES,,乙方-控制措施完成情况（1 是、2 否）
sp_ss_sr_responsibility_eval,责任书评价单,control_eval_self,varchar,YES,,乙方-控制措施自评（1 优、2 良、3 差）
sp_ss_sr_responsibility_eval,责任书评价单,duty_complete_self,varchar,YES,,乙方-生产职责完成情况（1 是、2 否）
sp_ss_sr_responsibility_eval,责任书评价单,duty_eval_self,varchar,YES,,乙方-生产职责自评（1 优、2 良、3 差）
sp_ss_sr_responsibility_eval,责任书评价单,standard_complete_self,varchar,YES,,乙方-到位标准完成情况（1 是、2 否）
sp_ss_sr_responsibility_eval,责任书评价单,standard_eval_self,varchar,YES,,乙方-到位标准自评（1 优、2 良、3 差）
sp_ss_sr_responsibility_eval,责任书评价单,self_eval,longtext,YES,,乙方自评综述
sp_ss_sr_responsibility_eval,责任书评价单,target_complete,varchar,YES,,甲方-目标与指标完成情况（1 是、2 否）
sp_ss_sr_responsibility_eval,责任书评价单,target_eval,varchar,YES,,甲方-目标与指标评价（1 优、2 良、3 差）
sp_ss_sr_responsibility_eval,责任书评价单,control_complete,varchar,YES,,甲方-控制措施完成情况（1 是、2 否）
sp_ss_sr_responsibility_eval,责任书评价单,control_eval,varchar,YES,,甲方-控制措施评价（1 优、2 良、3 差）
sp_ss_sr_responsibility_eval,责任书评价单,duty_complete,varchar,YES,,甲方-生产职责完成情况（1 是、2 否）
sp_ss_sr_responsibility_eval,责任书评价单,duty_eval,varchar,YES,,甲方-生产职责评价（1 优、2 良、3 差）
sp_ss_sr_responsibility_eval,责任书评价单,standard_complete,varchar,YES,,甲方-到位标准完成情况（1 是、2 否）
sp_ss_sr_responsibility_eval,责任书评价单,standard_eval,varchar,YES,,甲方-到位标准评价（1 优、2 良、3 差）
sp_ss_sr_responsibility_eval,责任书评价单,content_leader,longtext,YES,,综合评语
sp_ss_sr_responsibility_eval,责任书评价单,tw_create_name,varchar,YES,,
sp_ss_sr_responsibility_eval,责任书评价单,tw_insert_time,datetime,YES,,
sp_ss_sr_responsibility_eval,责任书评价单,creator_uid,varchar,YES,,创建人ID
sp_ss_sr_responsibility_eval,责任书评价单,target_score,varchar,YES,,生产目标得分
sp_ss_sr_responsibility_eval,责任书评价单,quantitative_score,varchar,YES,,履职量化评价得分
sp_ss_sr_responsibility_eval,责任书评价单,process_eval_score,varchar,YES,,过程评价得分
sp_ss_sr_responsibility_eval,责任书评价单,process_eval_level,varchar,YES,,过程评价等级(1 、到位 2、 基本到位 3、 缺位 4、 严重缺位)
sp_ss_sr_responsibility_eval,责任书评价单,last_eval_level,varchar,YES,,过程评价等级(1、 到位 2、 基本到位 3、 缺位 4 、严重缺位)
sp_ss_sr_responsibility_eval,责任书评价单,creator_id,varchar,YES,,创建人ID
sp_ss_sr_responsibility_eval,责任书评价单,target_b_score,varchar,YES,,乙方生产目标得分
sp_ss_sr_responsibility_eval,责任书评价单,quantitative_b_score,varchar,YES,,乙方履职量化评价得分
sp_ss_sr_responsibility_eval,责任书评价单,process_b_eval_score,varchar,YES,,乙方过程评价得分
sp_ss_sr_responsibility_eval,责任书评价单,process_b_eval_level,varchar,YES,,乙方过程评价等级(1 、到位 2、 基本到位 3、 缺位 4、 严重缺位)
sp_ss_sr_responsibility_eval,责任书评价单,last_b_eval_level,varchar,YES,,乙方最终评价等级(1、 到位 2、 基本到位 3、 缺位 4 、严重缺位)
sp_ss_sr_responsibility_eval,责任书评价单,is_change_party_a,varchar,YES,,是否变更甲方(1 是 2 否)
sp_ss_sr_responsibility_eval,责任书评价单,party_ca_oname,longtext,YES,,变更甲方单位
sp_ss_sr_responsibility_eval,责任书评价单,party_ca_oid,varchar,YES,,变更甲方单位ID
sp_ss_sr_responsibility_eval,责任书评价单,party_ca_uname,varchar,YES,,变更甲方
sp_ss_sr_responsibility_eval,责任书评价单,party_ca_uid,varchar,YES,,变更甲方ID
sp_ss_sr_responsibility_eval,责任书评价单,party_ca_post_name,varchar,YES,,变更甲方岗位名称
sp_ss_sr_responsibility_eval,责任书评价单,se_a_process_eval_score,varchar,YES,,第二甲方过程评价得分
sp_ss_sr_responsibility_eval,责任书评价单,se_party_ca_uname,varchar,YES,,变更第二甲方
sp_ss_sr_responsibility_eval,责任书评价单,se_party_ca_uid,varchar,YES,,变更第二甲方ID
sp_ss_sr_responsibility_eval,责任书评价单,fir_a_target_score,varchar,YES,,第一甲方生产目标得分
sp_ss_sr_responsibility_eval,责任书评价单,fir_a_eval_level,varchar,YES,,第一甲方评价等级(1、 到位 2、 基本到位 3、 缺位 4 、严重缺位)
sp_ss_sr_responsibility_eval,责任书评价单,se_a_quantitative_score,varchar,YES,,第二甲方履职量化评价得分
sp_ss_sr_responsibility_eval,责任书评价单,se_party_ca_post_name,varchar,YES,,变更第二甲方岗位名称
sp_ss_sr_responsibility_eval,责任书评价单,se_a_target_score,varchar,YES,,第二甲方生产目标得分
sp_ss_sr_responsibility_eval,责任书评价单,fir_a_process_eval_level,varchar,YES,,第一甲方过程评价等级(1 、到位 2、 基本到位 3、 缺位 4、 严重缺位)
sp_ss_sr_responsibility_eval,责任书评价单,se_a_process_eval_level,varchar,YES,,第二甲方过程评价等级(1 、到位 2、 基本到位 3、 缺位 4、 严重缺位)
sp_ss_sr_responsibility_eval,责任书评价单,se_a_eval_level,varchar,YES,,第二甲方评价等级(1、 到位 2、 基本到位 3、 缺位 4 、严重缺位)
sp_ss_sr_responsibility_eval,责任书评价单,fir_a_quantitative_score,varchar,YES,,第一甲方履职量化评价得分
sp_ss_sr_responsibility_eval,责任书评价单,fir_a_process_eval_score,varchar,YES,,第一甲方过程评价得分
sp_ss_sr_responsibility_eval,责任书评价单,is_ca_double_party_a,varchar,YES,,是否变更双甲方(1 是 2 否)
sp_ss_sr_responsibility_eval,责任书评价单,updater_id,varchar,YES,,更新人ID
sp_ss_uq_operator_archive,作业人员档案,id,varchar,NO,PRI,主键Id
sp_ss_uq_operator_archive,作业人员档案,pause_duration,varchar,YES,,暂停时长（月）
sp_ss_uq_operator_archive,作业人员档案,belong_team_ocode,varchar,YES,,所在部门/班组编码
sp_ss_uq_operator_archive,作业人员档案,education,varchar,YES,,学历（1小学、2初中、3高中、4本科、5中专、6大专、7硕士研究生、8博士研究生、99无）
sp_ss_uq_operator_archive,作业人员档案,safety_level,varchar,YES,,安全信用等级（1 高、2 中、3 低）
sp_ss_uq_operator_archive,作业人员档案,province_code,varchar,YES,,省编码
sp_ss_uq_operator_archive,作业人员档案,identity_card,varchar,YES,,身份证号
sp_ss_uq_operator_archive,作业人员档案,unit_attribute,varchar,YES,,单位属性（1 系统内、2 系统外、21 多经企业）
sp_ss_uq_operator_archive,作业人员档案,data_belong_unit_oname,varchar,YES,,数据归口单位
sp_ss_uq_operator_archive,作业人员档案,belong_unit_oid,varchar,YES,,所属单位ID
sp_ss_uq_operator_archive,作业人员档案,creator_uid,varchar,YES,,创建人ID
sp_ss_uq_operator_archive,作业人员档案,post_enum,varchar,YES,,岗位
sp_ss_uq_operator_archive,作业人员档案,occupational_diseases,varchar,YES,,职业病（1 癫痫、2 色弱、3 恐高症、4 高血压、5 心脏病 、98、无 99 其他）
sp_ss_uq_operator_archive,作业人员档案,deduction_period,varchar,YES,,扣分周期
sp_ss_uq_operator_archive,作业人员档案,other_diseases,varchar,YES,,其他职业病
sp_ss_uq_operator_archive,作业人员档案,create_time,datetime,YES,,创建时间
sp_ss_uq_operator_archive,作业人员档案,bureau_code,varchar,YES,,局编码
sp_ss_uq_operator_archive,作业人员档案,job_role_name,varchar,YES,,作业角色名称
sp_ss_uq_operator_archive,作业人员档案,pause_start_time,datetime,YES,,暂停开始时间
sp_ss_uq_operator_archive,作业人员档案,flow_state,varchar,YES,,记录工作流的状态（0：未上报 1：流程中 2：流程结束）
sp_ss_uq_operator_archive,作业人员档案,political_outlook,varchar,YES,,政治面貌（1 中共党员 2 中共预备党员 3 共青团员 4 群众 5 其他）
sp_ss_uq_operator_archive,作业人员档案,archive_state,varchar,YES,,资质状态（-1 删除、1 启用、2 暂停、3 失效、 4 黑名单）
sp_ss_uq_operator_archive,作业人员档案,data_belong_unit_ocode,varchar,YES,,数据归口单位编码
sp_ss_uq_operator_archive,作业人员档案,employee_id,varchar,YES,,用户ID
sp_ss_uq_operator_archive,作业人员档案,employee_number,varchar,YES,,编号
sp_ss_uq_operator_archive,作业人员档案,year_score_total,varchar,YES,,当年累计扣分
sp_ss_uq_operator_archive,作业人员档案,birthday,varchar,YES,,出生日期
sp_ss_uq_operator_archive,作业人员档案,account_number,varchar,YES,,账号
sp_ss_uq_operator_archive,作业人员档案,hr_user_id,varchar,YES,,人资ID
sp_ss_uq_operator_archive,作业人员档案,process_ins_id,varchar,YES,,主要用于记录流程实例的ID
sp_ss_uq_operator_archive,作业人员档案,archive_source,varchar,YES,,档案来源（1 手工录入、2 南网强安 、3实名制、4智慧安监、5安监宝、6小程序）
sp_ss_uq_operator_archive,作业人员档案,skill_level,varchar,YES,,技能等级(1 首席技师、2 特级技师、3 高级技师、4 技师、5 高级工、6 中级工、7 初级工、8 学徒)
sp_ss_uq_operator_archive,作业人员档案,is_new_power,varchar,YES,,是否新电力（1：是；2：否）
sp_ss_uq_operator_archive,作业人员档案,score_total,varchar,YES,,年度累计扣分
sp_ss_uq_operator_archive,作业人员档案,data_from,varchar,YES,,数据来源
sp_ss_uq_operator_archive,作业人员档案,user_sex,varchar,YES,,性别（1 男、2 女）
sp_ss_uq_operator_archive,作业人员档案,update_time,datetime,YES,,数据更新时间
sp_ss_uq_operator_archive,作业人员档案,mobile_phone,varchar,YES,,手机号码
sp_ss_uq_operator_archive,作业人员档案,optimistic_lock_version,varchar,YES,,乐观锁版本
sp_ss_uq_operator_archive,作业人员档案,user_uname,varchar,YES,,姓名
sp_ss_uq_operator_archive,作业人员档案,belong_team_oname,varchar,YES,,所在部门班组
sp_ss_uq_operator_archive,作业人员档案,expiry_date,datetime,YES,,失效截止日期
sp_ss_uq_operator_archive,作业人员档案,is_authentication,varchar,YES,,是否实名认证（1 是、2 否）
sp_ss_uq_operator_archive,作业人员档案,creator_uname,varchar,YES,,创建人
sp_ss_uq_operator_archive,作业人员档案,technical_level,varchar,YES,,技术等级(1 正高级、2 副高级、3 中级、4 助理级)
sp_ss_uq_operator_archive,作业人员档案,speciality_type,varchar,YES,,专业类型（1 营销类、2 基建类、3 生产类）
sp_ss_uq_operator_archive,作业人员档案,contractor_id,varchar,YES,,承包商ID
sp_ss_uq_operator_archive,作业人员档案,updator_uid,varchar,YES,,修改人id
sp_ss_uq_operator_archive,作业人员档案,archive_attribute,varchar,YES,,人员属性（1 劳务人员、2 合同工、3 编制人员）
sp_ss_uq_operator_archive,作业人员档案,belong_unit_oname,varchar,YES,,所属单位
sp_ss_uq_operator_archive,作业人员档案,belong_team_oid,varchar,YES,,所在部门班组ID
sp_ss_uq_operator_archive,作业人员档案,certificate_type,varchar,YES,,证件类型(1、身份证，2、护照，3、通行证)
sp_ss_uq_operator_archive,作业人员档案,job_role_type,varchar,YES,,作业角色分类（1 管理人员、2 现场作业人员、3 临时作业人员、4 非现场作业人员）
sp_ss_uq_operator_archive,作业人员档案,user_uid,varchar,YES,,姓名ID
sp_ss_uq_operator_certificate,作业人员资质证书,id,varchar,NO,PRI,主键ID
sp_ss_uq_operator_certificate,作业人员资质证书,access_project,varchar,YES,,准操项目
sp_ss_uq_operator_certificate,作业人员资质证书,certificate_code,varchar,YES,,证书编码，系统生成36位UUID唯一码
sp_ss_uq_operator_certificate,作业人员资质证书,process_ins_id,varchar,YES,,主要用于记录流程实例的ID
sp_ss_uq_operator_certificate,作业人员资质证书,approval_ocode,varchar,YES,,发证认证单位编码
sp_ss_uq_operator_certificate,作业人员资质证书,is_new_power,varchar,YES,,是否新电力（1：是；2：否）
sp_ss_uq_operator_certificate,作业人员资质证书,creator_oname,longtext,YES,,录入单位
sp_ss_uq_operator_certificate,作业人员资质证书,province_code,varchar,YES,,省编码
sp_ss_uq_operator_certificate,作业人员资质证书,data_from,varchar,YES,,数据来源
sp_ss_uq_operator_certificate,作业人员资质证书,creator_oid,varchar,YES,,录入单位ID
sp_ss_uq_operator_certificate,作业人员资质证书,approval_oname,varchar,YES,,发证认证单位
sp_ss_uq_operator_certificate,作业人员资质证书,approval_oid,varchar,YES,,发证认证单位ID
sp_ss_uq_operator_certificate,作业人员资质证书,actual_reexamine_date,datetime,YES,,实际复审日期
sp_ss_uq_operator_certificate,作业人员资质证书,update_time,datetime,YES,,数据更新时间
sp_ss_uq_operator_certificate,作业人员资质证书,catalog_full_name,varchar,YES,,资质目录路径
sp_ss_uq_operator_certificate,作业人员资质证书,data_belong_unit_oname,varchar,YES,,数据归口单位
sp_ss_uq_operator_certificate,作业人员资质证书,optimistic_lock_version,varchar,YES,,乐观锁版本
sp_ss_uq_operator_certificate,作业人员资质证书,creator_uid,varchar,YES,,创建者用户ID
sp_ss_uq_operator_certificate,作业人员资质证书,reexamine_approval_oname,varchar,YES,,复审发证机关
sp_ss_uq_operator_certificate,作业人员资质证书,exam_id,varchar,YES,,考试ID
sp_ss_uq_operator_certificate,作业人员资质证书,approval_date,datetime,YES,,发证日期
sp_ss_uq_operator_certificate,作业人员资质证书,create_time,datetime,YES,,创建时间
sp_ss_uq_operator_certificate,作业人员资质证书,term_validity,datetime,YES,,资质有效日期
sp_ss_uq_operator_certificate,作业人员资质证书,bureau_code,varchar,YES,,局编码
sp_ss_uq_operator_certificate,作业人员资质证书,certificate_name,varchar,YES,,证书名称
sp_ss_uq_operator_certificate,作业人员资质证书,creator_uname,varchar,YES,,创建者用户名
sp_ss_uq_operator_certificate,作业人员资质证书,creator_ocode,varchar,YES,,录入单位编码
sp_ss_uq_operator_certificate,作业人员资质证书,operator_archive_id,varchar,YES,,人员档案ID
sp_ss_uq_operator_certificate,作业人员资质证书,data_source,varchar,YES,,证书来源（1 手工录入、2 南网强安 、3实名制、4智慧安监、5安监宝、6小程序）
sp_ss_uq_operator_certificate,作业人员资质证书,catalog_id,varchar,YES,,资质目录ID
sp_ss_uq_operator_certificate,作业人员资质证书,flow_state,varchar,YES,,记录工作流的状态（0：未上报 1：流程中 2：流程结束）
sp_ss_uq_operator_certificate,作业人员资质证书,updator_uid,varchar,YES,,更新者用户ID
sp_ss_uq_operator_certificate,作业人员资质证书,data_belong_unit_ocode,varchar,YES,,数据归口单位编码
sp_ss_uq_operator_certificate,作业人员资质证书,certificate_state,varchar,YES,,证书状态(1:正常；2:取消；3:终止)
sp_ss_uq_operator_certificate,作业人员资质证书,catalog_type,varchar,YES,,资质种类（1 特种资质、2专业资质、3通用资质、4其他资质）
sp_ss_uq_operator_certificate,作业人员资质证书,reexamine_date,datetime,YES,,复审日期
sp_ss_uq_peccancy_list_log,现场作业违章扣分详情日志,id,varchar,NO,PRI,主键ID
sp_ss_uq_peccancy_list_log,现场作业违章扣分详情日志,is_deducting,varchar,YES,,是否扣分（1 是 2 否）
sp_ss_uq_peccancy_list_log,现场作业违章扣分详情日志,peccancy_type,varchar,YES,,违章类型（1：两票文件，2：信息传递，3：机具防护，4：人员行为，5：作业环境）
sp_ss_uq_peccancy_list_log,现场作业违章扣分详情日志,supervision_ocode,varchar,YES,,督查单位编码
sp_ss_uq_peccancy_list_log,现场作业违章扣分详情日志,peccancy_code,varchar,YES,,违章代码编码
sp_ss_uq_peccancy_list_log,现场作业违章扣分详情日志,training,varchar,YES,,教育培训情况（1 自学整改 2 约谈提示 3 警示教育 4 诫勉批评 5 脱产学习 6 取消资格）
sp_ss_uq_peccancy_list_log,现场作业违章扣分详情日志,peccancy_create_time,datetime,YES,,违章单创建时间
sp_ss_uq_peccancy_list_log,现场作业违章扣分详情日志,province_code,varchar,YES,,省编码
sp_ss_uq_peccancy_list_log,现场作业违章扣分详情日志,receive_peccancy_time,datetime,YES,,统一资质接收违章时间
sp_ss_uq_peccancy_list_log,现场作业违章扣分详情日志,data_from,varchar,YES,,数据来源
sp_ss_uq_peccancy_list_log,现场作业违章扣分详情日志,identity_card,varchar,YES,,身份证号
sp_ss_uq_peccancy_list_log,现场作业违章扣分详情日志,peccancy_time,datetime,YES,,违章时间
sp_ss_uq_peccancy_list_log,现场作业违章扣分详情日志,audit_time,datetime,YES,,审核时间
sp_ss_uq_peccancy_list_log,现场作业违章扣分详情日志,update_time,datetime,YES,,数据更新时间
sp_ss_uq_peccancy_list_log,现场作业违章扣分详情日志,supervision_oname,varchar,YES,,督查单位
sp_ss_uq_peccancy_list_log,现场作业违章扣分详情日志,optimistic_lock_version,varchar,YES,,乐观锁
sp_ss_uq_peccancy_list_log,现场作业违章扣分详情日志,peccancy_list_id,varchar,YES,,违章信息ID
sp_ss_uq_peccancy_list_log,现场作业违章扣分详情日志,peccancy_uid,varchar,YES,,违章人ID
sp_ss_uq_peccancy_list_log,现场作业违章扣分详情日志,input_source,varchar,YES,,录入来源（1：电网管理平台 2：电网管理平台移动端 3：智慧安监 4：智慧工程）
sp_ss_uq_peccancy_list_log,现场作业违章扣分详情日志,peccancy_update_time,datetime,YES,,违章单更新时间
sp_ss_uq_peccancy_list_log,现场作业违章扣分详情日志,record_date,datetime,YES,,违章登记时间
sp_ss_uq_peccancy_list_log,现场作业违章扣分详情日志,create_time,datetime,YES,,创建时间
sp_ss_uq_peccancy_list_log,现场作业违章扣分详情日志,record_code,varchar,YES,,违章单编码
sp_ss_uq_peccancy_list_log,现场作业违章扣分详情日志,peccancy_push_time,datetime,YES,,违章推送至统一违章时间
sp_ss_uq_peccancy_list_log,现场作业违章扣分详情日志,major_wide,varchar,YES,,专业大类（1生技 2调度 3营销 4基建）
sp_ss_uq_peccancy_list_log,现场作业违章扣分详情日志,bureau_code,varchar,YES,,局编码
sp_ss_uq_peccancy_list_log,现场作业违章扣分详情日志,peccancy_behavior,longtext,YES,,违章现象
sp_ss_uq_peccancy_list_log,现场作业违章扣分详情日志,updator_id,varchar,YES,,修改人id
sp_ss_uq_peccancy_list_log,现场作业违章扣分详情日志,peccancy_id,varchar,YES,,违章单ID
sp_ss_uq_peccancy_list_log,现场作业违章扣分详情日志,score_value,varchar,YES,,扣分值
sp_ss_uq_peccancy_list_log,现场作业违章扣分详情日志,creator_id,varchar,YES,,创建人id
sp_ss_uq_peccancy_list_log,现场作业违章扣分详情日志,peccancy_uname,varchar,YES,,违章人
sp_ss_uq_peccancy_list_log,现场作业违章扣分详情日志,creator_name,varchar,YES,,创建人
sp_ss_uq_peccancy_list_log,现场作业违章扣分详情日志,supervision_oid,varchar,YES,,督查单位ID
sp_ss_uq_peccancy_list_log,现场作业违章扣分详情日志,is_self_exposure,varchar,YES,,是否自暴露（1 是 2 否）
sp_ss_uq_work_category,统一资质管理作业类别,id,varchar,NO,PRI,主键ID
sp_ss_uq_work_category,统一资质管理作业类别,unit_nature,varchar,YES,,单位性质（1 全部、2 本单位、3 外单位）
sp_ss_uq_work_category,统一资质管理作业类别,category_name,varchar,YES,,作业类别
sp_ss_uq_work_category,统一资质管理作业类别,create_time,datetime,YES,,创建时间
sp_ss_uq_work_category,统一资质管理作业类别,bureau_code,varchar,YES,,局编码
sp_ss_uq_work_category,统一资质管理作业类别,role_code,varchar,YES,,作业许可编码
sp_ss_uq_work_category,统一资质管理作业类别,creator_uname,varchar,YES,,创建人
sp_ss_uq_work_category,统一资质管理作业类别,province_code,varchar,YES,,省编码
sp_ss_uq_work_category,统一资质管理作业类别,data_from,varchar,YES,,数据来源
sp_ss_uq_work_category,统一资质管理作业类别,role_name,varchar,YES,,作业角色
sp_ss_uq_work_category,统一资质管理作业类别,update_time,datetime,YES,,数据更新时间
sp_ss_uq_work_category,统一资质管理作业类别,speciality_type,varchar,YES,,专业类别（1 输电、2 变电、3 配电）
sp_ss_uq_work_category,统一资质管理作业类别,updator_uid,varchar,YES,,修改人id
sp_ss_uq_work_category,统一资质管理作业类别,optimistic_lock_version,varchar,YES,,乐观锁版本
sp_ss_uq_work_category,统一资质管理作业类别,business_domain,varchar,YES,,业务域（1 生技、2 营销、3 基建）
sp_ss_uq_work_category,统一资质管理作业类别,creator_uid,varchar,YES,,创建人ID
sp_task_rec,定时任务采集时间表,id,int,NO,PRI,主键ID
sp_task_rec,定时任务采集时间表,executor_handler,varchar,YES,,执行器任务handler
sp_task_rec,定时任务采集时间表,last_exe_time,datetime,YES,,数据同步时间
sp_task_rec,定时任务采集时间表,remark,varchar,YES,,备注
sys_manufacturer,生产厂家台账(测试),manufacturer_id,varchar,YES,,生产厂家ID
sys_manufacturer,生产厂家台账(测试),manufacturer_name,varchar,YES,,生产厂家名称
t_ai_violation,AI发现违章情况统计,id,bigint,NO,PRI,主键
t_ai_violation,AI发现违章情况统计,confirm_count,int,NO,,AI确认违章数
t_ai_violation,AI发现违章情况统计,adopt_count,int,NO,,采纳违章数
t_ai_violation,AI发现违章情况统计,a_class,int,NO,,A类采纳数
t_ai_violation,AI发现违章情况统计,b_class,int,NO,,B类采纳数
t_ai_violation,AI发现违章情况统计,c_class,int,NO,,C类采纳数
t_ai_violation,AI发现违章情况统计,d_class,int,NO,,D类采纳数
t_ai_violation,AI发现违章情况统计,report_date,date,NO,,统计日期
t_ai_violation_detail,AI发现违章情况详情,id,varchar,NO,PRI,主键ID
t_ai_violation_detail,AI发现违章情况详情,bureau_code,varchar,YES,,局编码
t_ai_violation_detail,AI发现违章情况详情,risk_type,varchar,YES,,"违章类型（作业环境_EMHSIC"",""作业环境_SMINLN"",""人员行为_COOGID"", ""人员行为_XMUVRU"",""机具防护_TCLMIZ"",""机具防护_PPLERC""）"
t_ai_violation_detail,AI发现违章情况详情,defect_code,varchar,YES,,"违章场景（""未系安全带_60010090"", ""未系安全带后备保护绳_60010086"", ""安全带低挂高用_60010066"",""未戴安全帽_32010002"",
            ""未戴绝缘手套_60010092"",""未穿绝缘靴_60010087"",""未使用绝缘柄工具_60040044"",""人员未穿反光衣_60010143"",""人员未穿工作服_60010024"",""人员吸烟_30020003"",""人员异常倒地_30020008"",
            ""人员打电话_30020004"",""未接入视频监控_60040042"",""负责人不在场_60040045"",""画面无人_60040043"",""梯子超载_60010144"",""作业平台移动时载人_60040046"",""施工范围未架设围栏_60010088"",
            ""吊臂下方人员停留_60040008"",""无人扶梯_60010089"",""施工范围未设置警示标志_60010099"",""高处作业下方人员停留_60010150"",""张力机内角侧人员停留_60040047"",""牵引机内角侧人员停留_60040048""）"
t_ai_violation_detail,AI发现违章情况详情,state,varchar,YES,,算法结果审核（0=待确认；1=正确；2=错误）
t_ai_violation_detail,AI发现违章情况详情,approval,varchar,YES,,违章结果审核（0=待确认；1=确认违章；2=疑似违章；3=误判违章）
t_ai_violation_detail,AI发现违章情况详情,risk_level,varchar,YES,,违章等级（ai审核等级）
t_ai_violation_detail,AI发现违章情况详情,remark,longtext,YES,,审核意见
t_ai_violation_detail,AI发现违章情况详情,insert_time,datetime,YES,,审核时间
t_ai_violation_detail,AI发现违章情况详情,video_source,varchar,YES,,视频来源（1=在线；2=离线）
t_ai_violation_detail,AI发现违章情况详情,disposed_of,varchar,YES,,电网已处置
t_ai_violation_detail,AI发现违章情况详情,disposed_results,varchar,YES,,电网处置结果（1=采纳违章；2=误判违章；3=确认违章）
t_ai_violation_detail,AI发现违章情况详情,disposed_leval,varchar,YES,,电网处置等级
t_ai_violation_detail,AI发现违章情况详情,is_disposed,varchar,YES,,电网处置一致
t_ai_violation_detail,AI发现违章情况详情,create_time,datetime,YES,,创建时间
t_ai_violation_detail,AI发现违章情况详情,end_time,datetime,YES,,结束时间
t_bureau_name_order,局站/线路排序表,id,bigint,NO,PRI,主键自增
t_bureau_name_order,局站/线路排序表,unit,varchar,YES,,地市局
t_bureau_name_order,局站/线路排序表,work_place,longtext,YES,,工作地点（站/线路）
t_bureau_name_order,局站/线路排序表,major_sub_type,varchar,YES,,专业二级分类（1：变电，2：输电，3：配电，8：发电，21：继保，22：自动化，23：通信，24：安自，25：网安
t_high_mid_risk_job,作业计划详情,id,varchar,NO,PRI,主键ID（计划ID）
t_high_mid_risk_job,作业计划详情,seq,int,NO,,序号
t_high_mid_risk_job,作业计划详情,risk_level,varchar,NO,,风险等级（高风险/中风险）
t_high_mid_risk_job,作业计划详情,work_content,longtext,NO,,工作内容
t_high_mid_risk_job,作业计划详情,simplify_work_content,longtext,YES,,精简工作内容
t_high_mid_risk_job,作业计划详情,work_place,longtext,YES,,工作地点
t_high_mid_risk_job,作业计划详情,unit,varchar,YES,,地市局
t_high_mid_risk_job,作业计划详情,plan_type,tinyint,YES,,计划类型(1 计划 2 临时)
t_high_mid_risk_job,作业计划详情,leader_attend,varchar,YES,,领导到位情况
t_high_mid_risk_job,作业计划详情,is_tomorrow,tinyint,NO,,是否次日计划（0-今日，1-次日）
t_high_mid_risk_job_log,作业计划详情,id,int,NO,PRI,主键ID
t_high_mid_risk_job_log,作业计划详情,pk_id,varchar,NO,,计划ID
t_high_mid_risk_job_log,作业计划详情,seq,int,YES,,序号
t_high_mid_risk_job_log,作业计划详情,risk_level,varchar,YES,,风险等级（高风险/中风险）
t_high_mid_risk_job_log,作业计划详情,work_content,longtext,YES,,工作内容
t_high_mid_risk_job_log,作业计划详情,simplify_work_content,longtext,YES,,精简工作内容
t_high_mid_risk_job_log,作业计划详情,work_place,longtext,YES,,工作地点
t_high_mid_risk_job_log,作业计划详情,unit,varchar,YES,,地市局
t_high_mid_risk_job_log,作业计划详情,plan_type,tinyint,YES,,计划类型(1 计划 2 临时)
t_high_mid_risk_job_log,作业计划详情,leader_attend,varchar,YES,,领导到位情况
t_high_mid_risk_job_log,作业计划详情,is_tomorrow,tinyint,YES,,是否次日计划（0-今日，1-次日）
t_high_mid_risk_job_log,作业计划详情,report_date,date,YES,,记录日期
t_high_mid_risk_job_tom,作业计划详情（次日）,id,varchar,NO,PRI,主键ID（计划ID）
t_high_mid_risk_job_tom,作业计划详情（次日）,seq,int,NO,,序号
t_high_mid_risk_job_tom,作业计划详情（次日）,risk_level,varchar,NO,,风险等级（高风险/中风险）
t_high_mid_risk_job_tom,作业计划详情（次日）,work_content,longtext,NO,,工作内容
t_high_mid_risk_job_tom,作业计划详情（次日）,simplify_work_content,longtext,YES,,精简工作内容
t_high_mid_risk_job_tom,作业计划详情（次日）,work_place,longtext,YES,,工作地点
t_high_mid_risk_job_tom,作业计划详情（次日）,unit,varchar,YES,,地市局
t_high_mid_risk_job_tom,作业计划详情（次日）,plan_type,tinyint,YES,,计划类型(1 计划 2 临时)
t_high_mid_risk_job_tom,作业计划详情（次日）,leader_attend,varchar,YES,,领导到位情况
t_high_mid_risk_job_tom,作业计划详情（次日）,is_tomorrow,tinyint,NO,,是否次日计划（0-今日，1-次日）
t_high_mid_risk_job_tom_log,作业计划详情（次日）,id,int,NO,PRI,主键ID
t_high_mid_risk_job_tom_log,作业计划详情（次日）,pk_id,varchar,NO,,计划ID
t_high_mid_risk_job_tom_log,作业计划详情（次日）,seq,int,YES,,序号
t_high_mid_risk_job_tom_log,作业计划详情（次日）,risk_level,varchar,YES,,风险等级（高风险/中风险）
t_high_mid_risk_job_tom_log,作业计划详情（次日）,work_content,longtext,YES,,工作内容
t_high_mid_risk_job_tom_log,作业计划详情（次日）,simplify_work_content,longtext,YES,,精简工作内容
t_high_mid_risk_job_tom_log,作业计划详情（次日）,work_place,longtext,YES,,工作地点
t_high_mid_risk_job_tom_log,作业计划详情（次日）,unit,varchar,YES,,地市局
t_high_mid_risk_job_tom_log,作业计划详情（次日）,plan_type,tinyint,YES,,计划类型(1 计划 2 临时)
t_high_mid_risk_job_tom_log,作业计划详情（次日）,leader_attend,varchar,YES,,领导到位情况
t_high_mid_risk_job_tom_log,作业计划详情（次日）,is_tomorrow,tinyint,YES,,是否次日计划（0-今日，1-次日）
t_high_mid_risk_job_tom_log,作业计划详情（次日）,report_date,date,YES,,记录日期
t_today_job_stat,当日全领域现场作业统计,id,bigint,NO,PRI,主键
t_today_job_stat,当日全领域现场作业统计,unit,varchar,NO,,单位（广州局、贵阳局等）
t_today_job_stat,当日全领域现场作业统计,high_risk,int,NO,,高风险作业数
t_today_job_stat,当日全领域现场作业统计,mid_risk,int,NO,,中风险作业数
t_today_job_stat,当日全领域现场作业统计,low_risk,int,NO,,低风险及以下作业数
t_today_job_stat,当日全领域现场作业统计,temp_plan,int,NO,,临时计划数
t_today_job_stat,当日全领域现场作业统计,total,int,NO,,合计数
t_today_job_stat_log,当日全领域现场作业统计,id,bigint,NO,PRI,主键
t_today_job_stat_log,当日全领域现场作业统计,unit,varchar,YES,,单位（广州局、贵阳局等）
t_today_job_stat_log,当日全领域现场作业统计,high_risk,int,YES,,高风险作业数
t_today_job_stat_log,当日全领域现场作业统计,mid_risk,int,YES,,中风险作业数
t_today_job_stat_log,当日全领域现场作业统计,low_risk,int,YES,,低风险及以下作业数
t_today_job_stat_log,当日全领域现场作业统计,temp_plan,int,YES,,临时计划数
t_today_job_stat_log,当日全领域现场作业统计,total,int,YES,,合计数
t_today_job_stat_log,当日全领域现场作业统计,report_date,date,YES,,记录日期
t_today_plan_detail_log,作业计划详情,id,int,NO,PRI,主键ID
t_today_plan_detail_log,作业计划详情,pk_id,varchar,NO,,计划ID
t_today_plan_detail_log,作业计划详情,work_code,varchar,YES,,计划编号
t_today_plan_detail_log,作业计划详情,risk_level,varchar,YES,,风险等级（高风险/中风险）
t_today_plan_detail_log,作业计划详情,work_content,longtext,YES,,工作内容
t_today_plan_detail_log,作业计划详情,simplify_work_content,longtext,YES,,简化工作内容
t_today_plan_detail_log,作业计划详情,ticket_no,varchar,YES,,工作票票号/操作票票号
t_today_plan_detail_log,作业计划详情,work_task,longtext,YES,,工作票任务/操作票任务
t_today_plan_detail_log,作业计划详情,unit,varchar,YES,,地市局
t_today_plan_detail_log,作业计划详情,plan_type,tinyint,YES,,计划类型(1 计划 2 临时)
t_today_plan_detail_log,作业计划详情,work_state,varchar,YES,,工作票状态
t_today_plan_detail_log,作业计划详情,work_place,varchar,YES,,工作地点
t_today_plan_detail_log,作业计划详情,work_team_oname,varchar,YES,,工作班组
t_today_plan_detail_log,作业计划详情,report_date,datetime,YES,,记录时间
t_today_violation,今日上报违章问题统计,id,bigint,NO,PRI,主键
t_today_violation,今日上报违章问题统计,unit,varchar,NO,,单位
t_today_violation,今日上报违章问题统计,a_class,int,NO,,A类违章数
t_today_violation,今日上报违章问题统计,b_class,int,NO,,B类违章数
t_today_violation,今日上报违章问题统计,c_class,int,NO,,C类违章数
t_today_violation,今日上报违章问题统计,d_class,int,NO,,D类违章数
t_today_violation,今日上报违章问题统计,violation_desc,text,YES,,A类违章描述（多个用分号分隔）
t_today_violation,今日上报违章问题统计,peccancy_code,varchar,YES,,
t_tomorrow_job_plan,次日全领域现场作业统计,id,bigint,NO,PRI,主键
t_tomorrow_job_plan,次日全领域现场作业统计,unit,varchar,NO,,单位
t_tomorrow_job_plan,次日全领域现场作业统计,high_risk,int,NO,,高风险作业数
t_tomorrow_job_plan,次日全领域现场作业统计,mid_risk,int,NO,,中风险作业数
t_tomorrow_job_plan,次日全领域现场作业统计,low_risk,int,NO,,低风险及以下作业数
t_tomorrow_job_plan,次日全领域现场作业统计,total,int,NO,,合计数
t_tomorrow_job_plan_log,次日全领域现场作业统计,id,bigint,NO,PRI,主键
t_tomorrow_job_plan_log,次日全领域现场作业统计,unit,varchar,NO,,单位
t_tomorrow_job_plan_log,次日全领域现场作业统计,high_risk,int,NO,,高风险作业数
t_tomorrow_job_plan_log,次日全领域现场作业统计,mid_risk,int,NO,,中风险作业数
t_tomorrow_job_plan_log,次日全领域现场作业统计,low_risk,int,NO,,低风险及以下作业数
t_tomorrow_job_plan_log,次日全领域现场作业统计,total,int,NO,,合计数
t_tomorrow_job_plan_log,次日全领域现场作业统计,report_date,date,YES,,记录日期
twc_sp_so_nsysoptrisk_warning,基问风险管理_风险预警通知书明细宽表,ID,varchar,NO,PRI,主键
twc_sp_so_nsysoptrisk_warning,基问风险管理_风险预警通知书明细宽表,CANCEL_PERSON_UNAME,varchar,YES,,取消人
twc_sp_so_nsysoptrisk_warning,基问风险管理_风险预警通知书明细宽表,HR_ORG_ID,varchar,YES,,人资组织ID号
twc_sp_so_nsysoptrisk_warning,基问风险管理_风险预警通知书明细宽表,ISSUED_PERSON_UID,varchar,YES,,签发人ID
twc_sp_so_nsysoptrisk_warning,基问风险管理_风险预警通知书明细宽表,INTEXTEND3,varchar,YES,,数值型扩展字段3
twc_sp_so_nsysoptrisk_warning,基问风险管理_风险预警通知书明细宽表,RISK_STATE_NAME,varchar,YES,,风险状态0待上报，1审批中，2已发布，3执行中，4待评价，5已归档，6已取消
twc_sp_so_nsysoptrisk_warning,基问风险管理_风险预警通知书明细宽表,UNRELATED_OUTAGE_REASON_CODE,varchar,YES,,"风险事由:1.停电,2.自然灾害,3.调试(试验),4.试运行,5.其他"
twc_sp_so_nsysoptrisk_warning,基问风险管理_风险预警通知书明细宽表,INTEXTEND1,varchar,YES,,数值型扩展字段1
twc_sp_so_nsysoptrisk_warning,基问风险管理_风险预警通知书明细宽表,INTEXTEND2,varchar,YES,,数值型扩展字段2
twc_sp_so_nsysoptrisk_warning,基问风险管理_风险预警通知书明细宽表,EVENT_LEVEL_CODE,varchar,YES,,事件等级:1-特大事故;2-重大事故;3-较大事故;4-一般事故;5-一级事件;6-二级事件;7-三级事件;8-四级事件;9-五级事件
twc_sp_so_nsysoptrisk_warning,基问风险管理_风险预警通知书明细宽表,CHANGE_TYPE_CODE,varchar,YES,,变更类型编码
twc_sp_so_nsysoptrisk_warning,基问风险管理_风险预警通知书明细宽表,CHANGE_REASON,longtext,YES,,变更原因
twc_sp_so_nsysoptrisk_warning,基问风险管理_风险预警通知书明细宽表,STRINGEXTEND4,longtext,YES,,字符型扩展字段4
twc_sp_so_nsysoptrisk_warning,基问风险管理_风险预警通知书明细宽表,STRINGEXTEND3,longtext,YES,,字符型扩展字段3
twc_sp_so_nsysoptrisk_warning,基问风险管理_风险预警通知书明细宽表,TW_OPERATE_NAME,varchar,YES,,运营人员
twc_sp_so_nsysoptrisk_warning,基问风险管理_风险预警通知书明细宽表,STRINGEXTEND5,longtext,YES,,字符型扩展字段5
twc_sp_so_nsysoptrisk_warning,基问风险管理_风险预警通知书明细宽表,STRINGEXTEND2,longtext,YES,,预警通知书ID
twc_sp_so_nsysoptrisk_warning,基问风险管理_风险预警通知书明细宽表,DATA_ORIGIN_TYPE_CODE,varchar,YES,,风险数据类型:1表示中调发布，2代表新建
twc_sp_so_nsysoptrisk_warning,基问风险管理_风险预警通知书明细宽表,RELATION_ID,varchar,YES,,控制措施关联的风险通知书id
twc_sp_so_nsysoptrisk_warning,基问风险管理_风险预警通知书明细宽表,CANCEL_TIME,datetime,YES,,取消时间
twc_sp_so_nsysoptrisk_warning,基问风险管理_风险预警通知书明细宽表,STRINGEXTEND1,longtext,YES,,控制措施表ID
twc_sp_so_nsysoptrisk_warning,基问风险管理_风险预警通知书明细宽表,NEED_CHANGE_NAME,varchar,YES,,是否需要变更，0表示不需要，1申请变更，2变更审核，3变更发布，4变更执行
twc_sp_so_nsysoptrisk_warning,基问风险管理_风险预警通知书明细宽表,MONTHLY_RISK_ID,varchar,YES,,关联月度检修风险id
twc_sp_so_nsysoptrisk_warning,基问风险管理_风险预警通知书明细宽表,MEASURES_REQUIREMENT,longtext,YES,,措施落实反馈要求
twc_sp_so_nsysoptrisk_warning,基问风险管理_风险预警通知书明细宽表,EXECUTE_UNAME,varchar,YES,,执行人名称
twc_sp_so_nsysoptrisk_warning,基问风险管理_风险预警通知书明细宽表,RISK_REMOVE_TIME,datetime,YES,,风险解除时间
twc_sp_so_nsysoptrisk_warning,基问风险管理_风险预警通知书明细宽表,MEASURES_REQUIRE_TIME,datetime,YES,,措施落实反馈时间
twc_sp_so_nsysoptrisk_warning,基问风险管理_风险预警通知书明细宽表,MONTHLY_RISK,varchar,YES,,关联月度检修风险
twc_sp_so_nsysoptrisk_warning,基问风险管理_风险预警通知书明细宽表,RECEIVE_TIME,datetime,YES,,接收时间
twc_sp_so_nsysoptrisk_warning,基问风险管理_风险预警通知书明细宽表,IS_CANCEL,varchar,YES,,是否已取消
twc_sp_so_nsysoptrisk_warning,基问风险管理_风险预警通知书明细宽表,REAL_END_TIME,datetime,YES,,风险实际结束时间
twc_sp_so_nsysoptrisk_warning,基问风险管理_风险预警通知书明细宽表,EVALUATE_DESCRIPTION,longtext,YES,,评价内容
twc_sp_so_nsysoptrisk_warning,基问风险管理_风险预警通知书明细宽表,REAL_START_TIME,datetime,YES,,风险实际开始时间
twc_sp_so_nsysoptrisk_warning,基问风险管理_风险预警通知书明细宽表,DATA_FROM,varchar,YES,,数据来源
twc_sp_so_nsysoptrisk_warning,基问风险管理_风险预警通知书明细宽表,FLOW_STATE_CODE,varchar,YES,,记录工作流的状态（0：未上报 1：流程中 2：流程结束）
twc_sp_so_nsysoptrisk_warning,基问风险管理_风险预警通知书明细宽表,REGION_ORG_NAME,varchar,YES,,地市局组织名称
twc_sp_so_nsysoptrisk_warning,基问风险管理_风险预警通知书明细宽表,OUTAGE_CONTENT,longtext,YES,,停电工作内容
twc_sp_so_nsysoptrisk_warning,基问风险管理_风险预警通知书明细宽表,COUNTY_ORG_NAME,varchar,YES,,县（区）局组织名称
twc_sp_so_nsysoptrisk_warning,基问风险管理_风险预警通知书明细宽表,RISK_CODE,varchar,YES,,风险编号
twc_sp_so_nsysoptrisk_warning,基问风险管理_风险预警通知书明细宽表,NOTICE_LEVEL_NAME,varchar,YES,,通知书级别名称
twc_sp_so_nsysoptrisk_warning,基问风险管理_风险预警通知书明细宽表,EDIT_TIME,datetime,YES,,编制时间
twc_sp_so_nsysoptrisk_warning,基问风险管理_风险预警通知书明细宽表,DEVICE_OUTAGE_TYPE_CODE,varchar,YES,,"风险设备:1.主变,2.母线,3.线路,4.开关刀闸,5.保护,6.安自,7.PT,8.其他"
twc_sp_so_nsysoptrisk_warning,基问风险管理_风险预警通知书明细宽表,EXECUTE_UID,varchar,YES,,执行人标识
twc_sp_so_nsysoptrisk_warning,基问风险管理_风险预警通知书明细宽表,RISK_WITH_STAND_CODE,varchar,YES,,风险抵御确认结果：0.未确认，1.抵御成功，2.抵御失败
twc_sp_so_nsysoptrisk_warning,基问风险管理_风险预警通知书明细宽表,CANCEL_REASON,longtext,YES,,取消原因
twc_sp_so_nsysoptrisk_warning,基问风险管理_风险预警通知书明细宽表,REMOVE_CONDITION,longtext,YES,,风险解除条件
twc_sp_so_nsysoptrisk_warning,基问风险管理_风险预警通知书明细宽表,REGION_ORG_CODE,varchar,YES,,地市局组织编码
twc_sp_so_nsysoptrisk_warning,基问风险管理_风险预警通知书明细宽表,EVALUATE_UNAME,varchar,YES,,评价人
twc_sp_so_nsysoptrisk_warning,基问风险管理_风险预警通知书明细宽表,REMARK,longtext,YES,,备注
twc_sp_so_nsysoptrisk_warning,基问风险管理_风险预警通知书明细宽表,IS_FEEDBACK,varchar,YES,,是否反馈：1未反馈 2已反馈
twc_sp_so_nsysoptrisk_warning,基问风险管理_风险预警通知书明细宽表,RISK_WITH_STAND_NAME,varchar,YES,,风险抵御确认结果名称
twc_sp_so_nsysoptrisk_warning,基问风险管理_风险预警通知书明细宽表,NOTICE_TYPE_CODE,varchar,YES,,通知书类型，1为通知书，2为控制措施
twc_sp_so_nsysoptrisk_warning,基问风险管理_风险预警通知书明细宽表,AUDIT_TIME,datetime,YES,,审核时间
twc_sp_so_nsysoptrisk_warning,基问风险管理_风险预警通知书明细宽表,POWER_FLAG,varchar,YES,,主配网标识：1.主网，2.配网
twc_sp_so_nsysoptrisk_warning,基问风险管理_风险预警通知书明细宽表,DATEEXTEND2,datetime,YES,,日期型扩展字段2
twc_sp_so_nsysoptrisk_warning,基问风险管理_风险预警通知书明细宽表,DATEEXTEND1,datetime,YES,,日期型扩展字段1
twc_sp_so_nsysoptrisk_warning,基问风险管理_风险预警通知书明细宽表,RISK_STATE_CODE,varchar,YES,,风险状态编码
twc_sp_so_nsysoptrisk_warning,基问风险管理_风险预警通知书明细宽表,UPDATE_TIME,datetime,YES,,数据更新时间
twc_sp_so_nsysoptrisk_warning,基问风险管理_风险预警通知书明细宽表,AUDIT_PERSON_UNAME,varchar,YES,,审核人名称
twc_sp_so_nsysoptrisk_warning,基问风险管理_风险预警通知书明细宽表,RELEASE_PERSON_UID,varchar,YES,,发布人ID
twc_sp_so_nsysoptrisk_warning,基问风险管理_风险预警通知书明细宽表,RUNMODE_RISK,varchar,YES,,关联运行方式单
twc_sp_so_nsysoptrisk_warning,基问风险管理_风险预警通知书明细宽表,CREATOR_UID,varchar,YES,,创建人标识
twc_sp_so_nsysoptrisk_warning,基问风险管理_风险预警通知书明细宽表,PARENT_NOTICE_LEVEL_NAME,varchar,YES,,父通知书级别名称
twc_sp_so_nsysoptrisk_warning,基问风险管理_风险预警通知书明细宽表,DATA_ORIGIN_TYPE_NAME,varchar,YES,,风险数据类型名称
twc_sp_so_nsysoptrisk_warning,基问风险管理_风险预警通知书明细宽表,RISK_LEVEL_VALUE,varchar,YES,,风险等级值
twc_sp_so_nsysoptrisk_warning,基问风险管理_风险预警通知书明细宽表,IS_COUNTERSIGN,varchar,YES,,是否会签：1是
twc_sp_so_nsysoptrisk_warning,基问风险管理_风险预警通知书明细宽表,CREATOR_UNAME,varchar,YES,,创建人名称
twc_sp_so_nsysoptrisk_warning,基问风险管理_风险预警通知书明细宽表,CHANGE_PERSON_UID,varchar,YES,,变更人标识
twc_sp_so_nsysoptrisk_warning,基问风险管理_风险预警通知书明细宽表,PROCESS_INS_ID,varchar,YES,,主要用于记录流程实例的ID
twc_sp_so_nsysoptrisk_warning,基问风险管理_风险预警通知书明细宽表,NEED_CHANGE_CODE,varchar,YES,,是否需要变更，0表示不需要，1申请变更，2变更审核，3变更发布，4变更执行
twc_sp_so_nsysoptrisk_warning,基问风险管理_风险预警通知书明细宽表,PROV_ORG_NAME,varchar,YES,,省级组织名称
twc_sp_so_nsysoptrisk_warning,基问风险管理_风险预警通知书明细宽表,IS_AUDIT_CODE,varchar,YES,,主网审核状态编码
twc_sp_so_nsysoptrisk_warning,基问风险管理_风险预警通知书明细宽表,CHANGE_TIME,datetime,YES,,变更时间
twc_sp_so_nsysoptrisk_warning,基问风险管理_风险预警通知书明细宽表,AUDIT_PERSON_UID,varchar,YES,,审核人标识
twc_sp_so_nsysoptrisk_warning,基问风险管理_风险预警通知书明细宽表,ISSUED_PERSON_UNAME,varchar,YES,,签发人名称
twc_sp_so_nsysoptrisk_warning,基问风险管理_风险预警通知书明细宽表,EVENT_LEVEL_NAME,varchar,YES,,事件等级名称
twc_sp_so_nsysoptrisk_warning,基问风险管理_风险预警通知书明细宽表,RELEASE_PERSON_UNAME,varchar,YES,,发布人
twc_sp_so_nsysoptrisk_warning,基问风险管理_风险预警通知书明细宽表,NEED_COUNTERSIGN,varchar,YES,,需要会签：0-不需要，1-需要
twc_sp_so_nsysoptrisk_warning,基问风险管理_风险预警通知书明细宽表,ISSUED_TIME,datetime,YES,,签发日期
twc_sp_so_nsysoptrisk_warning,基问风险管理_风险预警通知书明细宽表,UPDATOR_UID,varchar,YES,,更新人标识
twc_sp_so_nsysoptrisk_warning,基问风险管理_风险预警通知书明细宽表,EDIT_PERSON_UID,varchar,YES,,编制人标识
twc_sp_so_nsysoptrisk_warning,基问风险管理_风险预警通知书明细宽表,IS_UP_RISKLEVEL,varchar,YES,,是否风险提级，0表示未提级，1表示已提级
twc_sp_so_nsysoptrisk_warning,基问风险管理_风险预警通知书明细宽表,RELEASE_TIME,datetime,YES,,发布时间
twc_sp_so_nsysoptrisk_warning,基问风险管理_风险预警通知书明细宽表,POWER_GRID_RISK_LEVEL_NAME,varchar,YES,,风险等级名称
twc_sp_so_nsysoptrisk_warning,基问风险管理_风险预警通知书明细宽表,CREATE_TIME,datetime,YES,,创建时间
twc_sp_so_nsysoptrisk_warning,基问风险管理_风险预警通知书明细宽表,IS_AUDIT_NAME,varchar,YES,,主网审核状态名称
twc_sp_so_nsysoptrisk_warning,基问风险管理_风险预警通知书明细宽表,EXECUTE_DESCRIPTION,longtext,YES,,执行情况
twc_sp_so_nsysoptrisk_warning,基问风险管理_风险预警通知书明细宽表,PROV_ORG_CODE,varchar,YES,,省级组织编码
twc_sp_so_nsysoptrisk_warning,基问风险管理_风险预警通知书明细宽表,NOTICE_LEVEL_CODE,varchar,YES,,通知书级别编码
twc_sp_so_nsysoptrisk_warning,基问风险管理_风险预警通知书明细宽表,SEND_UNIT,varchar,YES,,发送单位
twc_sp_so_nsysoptrisk_warning,基问风险管理_风险预警通知书明细宽表,UNRELATED_OUTAGE_REASON_NAME,varchar,YES,,风险事由名称
twc_sp_so_nsysoptrisk_warning,基问风险管理_风险预警通知书明细宽表,TW_PROVINCE_CODE,varchar,YES,,分省分区编码
twc_sp_so_nsysoptrisk_warning,基问风险管理_风险预警通知书明细宽表,EVALUATE_CONCLUSION_NAME,varchar,YES,,评价结论名称
twc_sp_so_nsysoptrisk_warning,基问风险管理_风险预警通知书明细宽表,NOTICE_TYPE_NAME,varchar,YES,,通知书类型名称
twc_sp_so_nsysoptrisk_warning,基问风险管理_风险预警通知书明细宽表,IS_READY,varchar,YES,,表单完整
twc_sp_so_nsysoptrisk_warning,基问风险管理_风险预警通知书明细宽表,IS_DIRECT,varchar,YES,,是否需要直调电厂反馈
twc_sp_so_nsysoptrisk_warning,基问风险管理_风险预警通知书明细宽表,CHANGE_TYPE_NAME,varchar,YES,,变更类型名称
twc_sp_so_nsysoptrisk_warning,基问风险管理_风险预警通知书明细宽表,MONTHLY_RISK_CODE,varchar,YES,,关联月度检修风险编号
twc_sp_so_nsysoptrisk_warning,基问风险管理_风险预警通知书明细宽表,RUNMODE_RISK_ID,varchar,YES,,关联运行方式单id
twc_sp_so_nsysoptrisk_warning,基问风险管理_风险预警通知书明细宽表,PROTECTION_RISK_ADVICE,longtext,YES,,保护风险意见
twc_sp_so_nsysoptrisk_warning,基问风险管理_风险预警通知书明细宽表,EVALUATE_UID,varchar,YES,,评价人ID
twc_sp_so_nsysoptrisk_warning,基问风险管理_风险预警通知书明细宽表,CHANGE_PERSON_UNAME,varchar,YES,,变更人名称
twc_sp_so_nsysoptrisk_warning,基问风险管理_风险预警通知书明细宽表,EVALUATE_CONCLUSION_CODE,varchar,YES,,评价结论编码
twc_sp_so_nsysoptrisk_warning,基问风险管理_风险预警通知书明细宽表,RISK_START_TIME,datetime,YES,,风险开始时间
twc_sp_so_nsysoptrisk_warning,基问风险管理_风险预警通知书明细宽表,TW_CREATE_NAME,varchar,YES,,开发人员
twc_sp_so_nsysoptrisk_warning,基问风险管理_风险预警通知书明细宽表,PARENT_NOTICE_LEVEL_CODE,varchar,YES,,父通知书级别编码
twc_sp_so_nsysoptrisk_warning,基问风险管理_风险预警通知书明细宽表,FLOW_STATE_NAME,varchar,YES,,记录工作流的状态名称
twc_sp_so_nsysoptrisk_warning,基问风险管理_风险预警通知书明细宽表,IS_DELAY,varchar,YES,,是否延期：1是
twc_sp_so_nsysoptrisk_warning,基问风险管理_风险预警通知书明细宽表,RISK_NAME,longtext,YES,,风险名称
twc_sp_so_nsysoptrisk_warning,基问风险管理_风险预警通知书明细宽表,PARENT_NOTICE_ID,varchar,YES,,父通知书ID
twc_sp_so_nsysoptrisk_warning,基问风险管理_风险预警通知书明细宽表,EVALUATE_TIME,datetime,YES,,评价时间
twc_sp_so_nsysoptrisk_warning,基问风险管理_风险预警通知书明细宽表,NEED_SECOND_FEEDBACK,varchar,YES,,是否需要二级部门反馈，0表示不需要，1表示需要
twc_sp_so_nsysoptrisk_warning,基问风险管理_风险预警通知书明细宽表,RUNMODE_RISK_CODE,varchar,YES,,关联运行方式单编号
twc_sp_so_nsysoptrisk_warning,基问风险管理_风险预警通知书明细宽表,EDIT_PERSON_UNAME,varchar,YES,,编制人名称
twc_sp_so_nsysoptrisk_warning,基问风险管理_风险预警通知书明细宽表,CANCEL_PERSON_UID,varchar,YES,,取消人标识
twc_sp_so_nsysoptrisk_warning,基问风险管理_风险预警通知书明细宽表,COUNTY_ORG_CODE,varchar,YES,,县（区）局组织编码
twc_sp_so_nsysoptrisk_warning,基问风险管理_风险预警通知书明细宽表,IS_FEEDBACK_ONE,varchar,YES,,一级部门是否反馈
twc_sp_so_nsysoptrisk_warning,基问风险管理_风险预警通知书明细宽表,POWER_GRID_RISK_LEVEL_CODE,varchar,YES,,风险等级编号
twc_sp_so_nsysoptrisk_warning,基问风险管理_风险预警通知书明细宽表,DEVICE_OUTAGE_TYPE_NAME,varchar,YES,,风险设备名称
twc_sp_so_nsysoptrisk_warning,基问风险管理_风险预警通知书明细宽表,TW_INSERT_TIME,datetime,YES,,数据插入时间
xxl_job_group,,id,int,NO,PRI,
xxl_job_group,,app_name,varchar,NO,,执行器AppName
xxl_job_group,,title,varchar,NO,,执行器名称
xxl_job_group,,address_type,tinyint,NO,,执行器地址类型：0=自动注册、1=手动录入
xxl_job_group,,address_list,text,YES,,执行器地址列表，多地址逗号分隔
xxl_job_group,,update_time,datetime,YES,,
xxl_job_info,,id,int,NO,PRI,
xxl_job_info,,job_group,int,NO,,执行器主键ID
xxl_job_info,,job_desc,varchar,NO,,
xxl_job_info,,add_time,datetime,YES,,
xxl_job_info,,update_time,datetime,YES,,
xxl_job_info,,author,varchar,YES,,作者
xxl_job_info,,alarm_email,varchar,YES,,报警邮件
xxl_job_info,,schedule_type,varchar,NO,,调度类型
xxl_job_info,,schedule_conf,varchar,YES,,调度配置，值含义取决于调度类型
xxl_job_info,,misfire_strategy,varchar,NO,,调度过期策略
xxl_job_info,,executor_route_strategy,varchar,YES,,执行器路由策略
xxl_job_info,,executor_handler,varchar,YES,,执行器任务handler
xxl_job_info,,executor_param,varchar,YES,,执行器任务参数
xxl_job_info,,executor_block_strategy,varchar,YES,,阻塞处理策略
xxl_job_info,,executor_timeout,int,NO,,任务执行超时时间，单位秒
xxl_job_info,,executor_fail_retry_count,int,NO,,失败重试次数
xxl_job_info,,glue_type,varchar,NO,,GLUE类型
xxl_job_info,,glue_source,mediumtext,YES,,GLUE源代码
xxl_job_info,,glue_remark,varchar,YES,,GLUE备注
xxl_job_info,,glue_updatetime,datetime,YES,,GLUE更新时间
xxl_job_info,,child_jobid,varchar,YES,,子任务ID，多个逗号分隔
xxl_job_info,,trigger_status,tinyint,NO,,调度状态：0-停止，1-运行
xxl_job_info,,trigger_last_time,bigint,NO,,上次调度时间
xxl_job_info,,trigger_next_time,bigint,NO,,下次调度时间
xxl_job_lock,,lock_name,varchar,NO,PRI,锁名称
xxl_job_log,,id,bigint,NO,PRI,
xxl_job_log,,job_group,int,NO,,执行器主键ID
xxl_job_log,,job_id,int,NO,MUL,任务，主键ID
xxl_job_log,,executor_address,varchar,YES,,执行器地址，本次执行的地址
xxl_job_log,,executor_handler,varchar,YES,,执行器任务handler
xxl_job_log,,executor_param,varchar,YES,,执行器任务参数
xxl_job_log,,executor_sharding_param,varchar,YES,,执行器任务分片参数，格式如 1/2
xxl_job_log,,executor_fail_retry_count,int,NO,,失败重试次数
xxl_job_log,,trigger_time,datetime,YES,MUL,调度-时间
xxl_job_log,,trigger_code,int,NO,,调度-结果
xxl_job_log,,trigger_msg,text,YES,,调度-日志
xxl_job_log,,handle_time,datetime,YES,,执行-时间
xxl_job_log,,handle_code,int,NO,MUL,执行-状态
xxl_job_log,,handle_msg,text,YES,,执行-日志
xxl_job_log,,alarm_status,tinyint,NO,,告警状态：0-默认、1-无需告警、2-告警成功、3-告警失败
xxl_job_log_report,,id,int,NO,PRI,
xxl_job_log_report,,trigger_day,datetime,YES,UNI,调度-时间
xxl_job_log_report,,running_count,int,NO,,运行中-日志数量
xxl_job_log_report,,suc_count,int,NO,,执行成功-日志数量
xxl_job_log_report,,fail_count,int,NO,,执行失败-日志数量
xxl_job_log_report,,update_time,datetime,YES,,
xxl_job_logglue,,id,int,NO,PRI,
xxl_job_logglue,,job_id,int,NO,,任务，主键ID
xxl_job_logglue,,glue_type,varchar,YES,,GLUE类型
xxl_job_logglue,,glue_source,mediumtext,YES,,GLUE源代码
xxl_job_logglue,,glue_remark,varchar,NO,,GLUE备注
xxl_job_logglue,,add_time,datetime,YES,,
xxl_job_logglue,,update_time,datetime,YES,,
xxl_job_registry,,id,int,NO,PRI,
xxl_job_registry,,registry_group,varchar,NO,MUL,
xxl_job_registry,,registry_key,varchar,NO,,
xxl_job_registry,,registry_value,varchar,NO,,
xxl_job_registry,,update_time,datetime,YES,,
xxl_job_user,,id,int,NO,PRI,
xxl_job_user,,username,varchar,NO,UNI,账号
xxl_job_user,,password,varchar,NO,,密码
xxl_job_user,,role,tinyint,NO,,角色：0-普通用户、1-管理员
xxl_job_user,,permission,varchar,YES,,权限：执行器ID列表，多个逗号分割
